2026-05-02T02:10:56.136+02:00 DEBUG 3936 --- [banking-system] [http-nio-8084-exec-4] o.s.security.web.FilterChainProxy        : Securing OPTIONS /api/auth/login
2026-05-02T02:10:57.336+02:00 DEBUG 3936 --- [banking-system] [http-nio-8084-exec-4] o.s.security.web.FilterChainProxy        : Securing POST /api/auth/login
2026-05-02T02:10:57.359+02:00 DEBUG 3936 --- [banking-system] [http-nio-8084-exec-4] o.s.s.w.a.AnonymousAuthenticationFilter  : Set SecurityContextHolder to anonymous SecurityContext
2026-05-02T02:10:57.380+02:00 DEBUG 3936 --- [banking-system] [http-nio-8084-exec-4] o.s.security.web.FilterChainProxy        : Secured POST /api/auth/login
2026-05-02T02:10:57.394+02:00 DEBUG 3936 --- [banking-system] [http-nio-8084-exec-4] o.s.web.servlet.DispatcherServlet        : POST "/api/auth/login", parameters={}
2026-05-02T02:10:57.402+02:00 DEBUG 3936 --- [banking-system] [http-nio-8084-exec-4] s.w.s.m.m.a.RequestMappingHandlerMapping : Mapped to com.banking.controllers.AuthController#login(LoginRequest)
2026-05-02T02:10:57.547+02:00 DEBUG 3936 --- [banking-system] [http-nio-8084-exec-4] m.m.a.RequestResponseBodyMethodProcessor : Read "application/json;charset=UTF-8" to [com.banking.dto.request.LoginRequest@524f7404]
2026-05-02T02:10:57.599+02:00  INFO 3936 --- [banking-system] [http-nio-8084-exec-4] com.banking.controllers.AuthController   : Tentative de connexion pour fizent5@bein.fr
2026-05-02T02:10:57.857+02:00 DEBUG 3936 --- [banking-system] [http-nio-8084-exec-4] org.hibernate.SQL                        : 
    select
        c1_0.id,
        c1_1.created_at,
        c1_1.email,
        c1_1.mot_de_passe,
        c1_1.nom,
        c1_1.prenom,
        c1_1.role,
        c1_1.updated_at 
    from
        clients c1_0 
    join
        personnes c1_1 
            on c1_0.id=c1_1.id 
    where
        c1_1.email=?
2026-05-02T02:10:57.880+02:00 TRACE 3936 --- [banking-system] [http-nio-8084-exec-4] org.hibernate.orm.jdbc.bind              : binding parameter (1:VARCHAR) <- [fizent5@bein.fr]
2026-05-02T02:10:58.287+02:00 DEBUG 3936 --- [banking-system] [http-nio-8084-exec-4] o.s.w.s.m.m.a.HttpEntityMethodProcessor  : Using 'application/json', given [application/json, text/plain, */*] and supported [application/json, application/*+json]
2026-05-02T02:10:58.295+02:00 DEBUG 3936 --- [banking-system] [http-nio-8084-exec-4] o.s.w.s.m.m.a.HttpEntityMethodProcessor  : Writing [ApiResponse(success=true, message=Connexion réussie, data=LoginResponse{token='eyJhbGciOiJIUzUxMiJ9. (truncated)...]
2026-05-02T02:10:58.317+02:00 DEBUG 3936 --- [banking-system] [http-nio-8084-exec-4] o.s.web.servlet.DispatcherServlet        : Completed 200 OK
2026-05-02T02:10:58.353+02:00 DEBUG 3936 --- [banking-system] [http-nio-8084-exec-7] o.s.security.web.FilterChainProxy        : Securing OPTIONS /api/auth/me
2026-05-02T02:10:58.366+02:00 DEBUG 3936 --- [banking-system] [http-nio-8084-exec-3] o.s.security.web.FilterChainProxy        : Securing GET /api/auth/me
2026-05-02T02:10:58.369+02:00 DEBUG 3936 --- [banking-system] [http-nio-8084-exec-3] o.s.s.w.a.AnonymousAuthenticationFilter  : Set SecurityContextHolder to anonymous SecurityContext
2026-05-02T02:10:58.370+02:00 DEBUG 3936 --- [banking-system] [http-nio-8084-exec-3] o.s.security.web.FilterChainProxy        : Secured GET /api/auth/me
2026-05-02T02:10:58.370+02:00 DEBUG 3936 --- [banking-system] [http-nio-8084-exec-3] o.s.web.servlet.DispatcherServlet        : GET "/api/auth/me", parameters={}
2026-05-02T02:10:58.377+02:00 DEBUG 3936 --- [banking-system] [http-nio-8084-exec-3] o.s.w.s.handler.SimpleUrlHandlerMapping  : Mapped to ResourceHttpRequestHandler [classpath [META-INF/resources/], classpath [resources/], classpath [static/], classpath [public/], ServletContext [/]]
2026-05-02T02:10:58.396+02:00 DEBUG 3936 --- [banking-system] [http-nio-8084-exec-3] o.s.w.s.r.ResourceHttpRequestHandler     : Resource not found
2026-05-02T02:10:58.406+02:00 DEBUG 3936 --- [banking-system] [http-nio-8084-exec-3] .m.m.a.ExceptionHandlerExceptionResolver : Using @ExceptionHandler com.banking.exceptions.GlobalExceptionHandler#handleGenericException(Exception, HttpServletRequest)
2026-05-02T02:10:58.409+02:00 ERROR 3936 --- [banking-system] [http-nio-8084-exec-3] c.b.exceptions.GlobalExceptionHandler    : Unexpected error on /api/auth/me: No static resource api/auth/me.

org.springframework.web.servlet.resource.NoResourceFoundException: No static resource api/auth/me.
	at org.springframework.web.servlet.resource.ResourceHttpRequestHandler.handleRequest(ResourceHttpRequestHandler.java:585) ~[spring-webmvc-6.2.9.jar:6.2.9]
	at org.springframework.web.servlet.mvc.HttpRequestHandlerAdapter.handle(HttpRequestHandlerAdapter.java:52) ~[spring-webmvc-6.2.9.jar:6.2.9]
	at org.springframework.web.servlet.DispatcherServlet.doDispatch(DispatcherServlet.java:1089) ~[spring-webmvc-6.2.9.jar:6.2.9]
	at org.springframework.web.servlet.DispatcherServlet.doService(DispatcherServlet.java:979) ~[spring-webmvc-6.2.9.jar:6.2.9]
	at org.springframework.web.servlet.FrameworkServlet.processRequest(FrameworkServlet.java:1014) ~[spring-webmvc-6.2.9.jar:6.2.9]
	at org.springframework.web.servlet.FrameworkServlet.doGet(FrameworkServlet.java:903) ~[spring-webmvc-6.2.9.jar:6.2.9]
	at jakarta.servlet.http.HttpServlet.service(HttpServlet.java:564) ~[tomcat-embed-core-10.1.43.jar:6.0]
	at org.springframework.web.servlet.FrameworkServlet.service(FrameworkServlet.java:885) ~[spring-webmvc-6.2.9.jar:6.2.9]
	at jakarta.servlet.http.HttpServlet.service(HttpServlet.java:658) ~[tomcat-embed-core-10.1.43.jar:6.0]
	at org.apache.catalina.core.ApplicationFilterChain.internalDoFilter(ApplicationFilterChain.java:195) ~[tomcat-embed-core-10.1.43.jar:10.1.43]
	at org.apache.catalina.core.ApplicationFilterChain.doFilter(ApplicationFilterChain.java:140) ~[tomcat-embed-core-10.1.43.jar:10.1.43]
	at org.apache.tomcat.websocket.server.WsFilter.doFilter(WsFilter.java:51) ~[tomcat-embed-websocket-10.1.43.jar:10.1.43]
	at org.apache.catalina.core.ApplicationFilterChain.internalDoFilter(ApplicationFilterChain.java:164) ~[tomcat-embed-core-10.1.43.jar:10.1.43]
	at org.apache.catalina.core.ApplicationFilterChain.doFilter(ApplicationFilterChain.java:140) ~[tomcat-embed-core-10.1.43.jar:10.1.43]
	at org.springframework.web.filter.OncePerRequestFilter.doFilter(OncePerRequestFilter.java:110) ~[spring-web-6.2.9.jar:6.2.9]
	at org.apache.catalina.core.ApplicationFilterChain.internalDoFilter(ApplicationFilterChain.java:164) ~[tomcat-embed-core-10.1.43.jar:10.1.43]
	at org.apache.catalina.core.ApplicationFilterChain.doFilter(ApplicationFilterChain.java:140) ~[tomcat-embed-core-10.1.43.jar:10.1.43]
	at org.springframework.web.filter.CompositeFilter$VirtualFilterChain.doFilter(CompositeFilter.java:108) ~[spring-web-6.2.9.jar:6.2.9]
	at org.springframework.security.web.FilterChainProxy.lambda$doFilterInternal$3(FilterChainProxy.java:231) ~[spring-security-web-6.4.8.jar:6.4.8]
	at org.springframework.security.web.ObservationFilterChainDecorator$FilterObservation$SimpleFilterObservation.lambda$wrap$1(ObservationFilterChainDecorator.java:479) ~[spring-security-web-6.4.8.jar:6.4.8]
	at org.springframework.security.web.ObservationFilterChainDecorator$AroundFilterObservation$SimpleAroundFilterObservation.lambda$wrap$1(ObservationFilterChainDecorator.java:340) ~[spring-security-web-6.4.8.jar:6.4.8]
	at org.springframework.security.web.ObservationFilterChainDecorator.lambda$wrapSecured$0(ObservationFilterChainDecorator.java:82) ~[spring-security-web-6.4.8.jar:6.4.8]
	at org.springframework.security.web.ObservationFilterChainDecorator$VirtualFilterChain.doFilter(ObservationFilterChainDecorator.java:128) ~[spring-security-web-6.4.8.jar:6.4.8]
	at org.springframework.security.web.access.intercept.AuthorizationFilter.doFilter(AuthorizationFilter.java:101) ~[spring-security-web-6.4.8.jar:6.4.8]
	at org.springframework.security.web.ObservationFilterChainDecorator$ObservationFilter.wrapFilter(ObservationFilterChainDecorator.java:240) ~[spring-security-web-6.4.8.jar:6.4.8]
	at org.springframework.security.web.ObservationFilterChainDecorator$ObservationFilter.doFilter(ObservationFilterChainDecorator.java:227) ~[spring-security-web-6.4.8.jar:6.4.8]
	at org.springframework.security.web.ObservationFilterChainDecorator$VirtualFilterChain.doFilter(ObservationFilterChainDecorator.java:137) ~[spring-security-web-6.4.8.jar:6.4.8]
	at org.springframework.security.web.access.ExceptionTranslationFilter.doFilter(ExceptionTranslationFilter.java:126) ~[spring-security-web-6.4.8.jar:6.4.8]
	at org.springframework.security.web.access.ExceptionTranslationFilter.doFilter(ExceptionTranslationFilter.java:120) ~[spring-security-web-6.4.8.jar:6.4.8]
	at org.springframework.security.web.ObservationFilterChainDecorator$ObservationFilter.wrapFilter(ObservationFilterChainDecorator.java:240) ~[spring-security-web-6.4.8.jar:6.4.8]
	at org.springframework.security.web.ObservationFilterChainDecorator$ObservationFilter.doFilter(ObservationFilterChainDecorator.java:227) ~[spring-security-web-6.4.8.jar:6.4.8]
	at org.springframework.security.web.ObservationFilterChainDecorator$VirtualFilterChain.doFilter(ObservationFilterChainDecorator.java:137) ~[spring-security-web-6.4.8.jar:6.4.8]
	at org.springframework.security.web.session.SessionManagementFilter.doFilter(SessionManagementFilter.java:131) ~[spring-security-web-6.4.8.jar:6.4.8]
	at org.springframework.security.web.session.SessionManagementFilter.doFilter(SessionManagementFilter.java:85) ~[spring-security-web-6.4.8.jar:6.4.8]
	at org.springframework.security.web.ObservationFilterChainDecorator$ObservationFilter.wrapFilter(ObservationFilterChainDecorator.java:240) ~[spring-security-web-6.4.8.jar:6.4.8]
	at org.springframework.security.web.ObservationFilterChainDecorator$ObservationFilter.doFilter(ObservationFilterChainDecorator.java:227) ~[spring-security-web-6.4.8.jar:6.4.8]
	at org.springframework.security.web.ObservationFilterChainDecorator$VirtualFilterChain.doFilter(ObservationFilterChainDecorator.java:137) ~[spring-security-web-6.4.8.jar:6.4.8]
	at org.springframework.security.web.authentication.AnonymousAuthenticationFilter.doFilter(AnonymousAuthenticationFilter.java:100) ~[spring-security-web-6.4.8.jar:6.4.8]
	at org.springframework.security.web.ObservationFilterChainDecorator$ObservationFilter.wrapFilter(ObservationFilterChainDecorator.java:240) ~[spring-security-web-6.4.8.jar:6.4.8]
	at org.springframework.security.web.ObservationFilterChainDecorator$ObservationFilter.doFilter(ObservationFilterChainDecorator.java:227) ~[spring-security-web-6.4.8.jar:6.4.8]
	at org.springframework.security.web.ObservationFilterChainDecorator$VirtualFilterChain.doFilter(ObservationFilterChainDecorator.java:137) ~[spring-security-web-6.4.8.jar:6.4.8]
	at org.springframework.security.web.servletapi.SecurityContextHolderAwareRequestFilter.doFilter(SecurityContextHolderAwareRequestFilter.java:179) ~[spring-security-web-6.4.8.jar:6.4.8]
	at org.springframework.security.web.ObservationFilterChainDecorator$ObservationFilter.wrapFilter(ObservationFilterChainDecorator.java:240) ~[spring-security-web-6.4.8.jar:6.4.8]
	at org.springframework.security.web.ObservationFilterChainDecorator$ObservationFilter.doFilter(ObservationFilterChainDecorator.java:227) ~[spring-security-web-6.4.8.jar:6.4.8]
	at org.springframework.security.web.ObservationFilterChainDecorator$VirtualFilterChain.doFilter(ObservationFilterChainDecorator.java:137) ~[spring-security-web-6.4.8.jar:6.4.8]
	at org.springframework.security.web.savedrequest.RequestCacheAwareFilter.doFilter(RequestCacheAwareFilter.java:63) ~[spring-security-web-6.4.8.jar:6.4.8]
	at org.springframework.security.web.ObservationFilterChainDecorator$ObservationFilter.wrapFilter(ObservationFilterChainDecorator.java:240) ~[spring-security-web-6.4.8.jar:6.4.8]
	at org.springframework.security.web.ObservationFilterChainDecorator$ObservationFilter.doFilter(ObservationFilterChainDecorator.java:227) ~[spring-security-web-6.4.8.jar:6.4.8]
	at org.springframework.security.web.ObservationFilterChainDecorator$VirtualFilterChain.doFilter(ObservationFilterChainDecorator.java:137) ~[spring-security-web-6.4.8.jar:6.4.8]
	at com.banking.security.jwt.JwtAuthenticationFilter.doFilterInternal(JwtAuthenticationFilter.java:53) ~[classes/:na]
	at org.springframework.web.filter.OncePerRequestFilter.doFilter(OncePerRequestFilter.java:116) ~[spring-web-6.2.9.jar:6.2.9]
	at org.springframework.security.web.ObservationFilterChainDecorator$ObservationFilter.wrapFilter(ObservationFilterChainDecorator.java:240) ~[spring-security-web-6.4.8.jar:6.4.8]
	at org.springframework.security.web.ObservationFilterChainDecorator$ObservationFilter.doFilter(ObservationFilterChainDecorator.java:227) ~[spring-security-web-6.4.8.jar:6.4.8]
	at org.springframework.security.web.ObservationFilterChainDecorator$VirtualFilterChain.doFilter(ObservationFilterChainDecorator.java:137) ~[spring-security-web-6.4.8.jar:6.4.8]
	at org.springframework.security.web.authentication.logout.LogoutFilter.doFilter(LogoutFilter.java:107) ~[spring-security-web-6.4.8.jar:6.4.8]
	at org.springframework.security.web.authentication.logout.LogoutFilter.doFilter(LogoutFilter.java:93) ~[spring-security-web-6.4.8.jar:6.4.8]
	at org.springframework.security.web.ObservationFilterChainDecorator$ObservationFilter.wrapFilter(ObservationFilterChainDecorator.java:240) ~[spring-security-web-6.4.8.jar:6.4.8]
	at org.springframework.security.web.ObservationFilterChainDecorator$ObservationFilter.doFilter(ObservationFilterChainDecorator.java:227) ~[spring-security-web-6.4.8.jar:6.4.8]
	at org.springframework.security.web.ObservationFilterChainDecorator$VirtualFilterChain.doFilter(ObservationFilterChainDecorator.java:137) ~[spring-security-web-6.4.8.jar:6.4.8]
	at org.springframework.web.filter.CorsFilter.doFilterInternal(CorsFilter.java:91) ~[spring-web-6.2.9.jar:6.2.9]
	at org.springframework.web.filter.OncePerRequestFilter.doFilter(OncePerRequestFilter.java:116) ~[spring-web-6.2.9.jar:6.2.9]
	at org.springframework.security.web.ObservationFilterChainDecorator$ObservationFilter.wrapFilter(ObservationFilterChainDecorator.java:240) ~[spring-security-web-6.4.8.jar:6.4.8]
	at org.springframework.security.web.ObservationFilterChainDecorator$ObservationFilter.doFilter(ObservationFilterChainDecorator.java:227) ~[spring-security-web-6.4.8.jar:6.4.8]
	at org.springframework.security.web.ObservationFilterChainDecorator$VirtualFilterChain.doFilter(ObservationFilterChainDecorator.java:137) ~[spring-security-web-6.4.8.jar:6.4.8]
	at org.springframework.security.web.header.HeaderWriterFilter.doHeadersAfter(HeaderWriterFilter.java:90) ~[spring-security-web-6.4.8.jar:6.4.8]
	at org.springframework.security.web.header.HeaderWriterFilter.doFilterInternal(HeaderWriterFilter.java:75) ~[spring-security-web-6.4.8.jar:6.4.8]
	at org.springframework.web.filter.OncePerRequestFilter.doFilter(OncePerRequestFilter.java:116) ~[spring-web-6.2.9.jar:6.2.9]
	at org.springframework.security.web.ObservationFilterChainDecorator$ObservationFilter.wrapFilter(ObservationFilterChainDecorator.java:240) ~[spring-security-web-6.4.8.jar:6.4.8]
	at org.springframework.security.web.ObservationFilterChainDecorator$ObservationFilter.doFilter(ObservationFilterChainDecorator.java:227) ~[spring-security-web-6.4.8.jar:6.4.8]
	at org.springframework.security.web.ObservationFilterChainDecorator$VirtualFilterChain.doFilter(ObservationFilterChainDecorator.java:137) ~[spring-security-web-6.4.8.jar:6.4.8]
	at org.springframework.security.web.context.SecurityContextHolderFilter.doFilter(SecurityContextHolderFilter.java:82) ~[spring-security-web-6.4.8.jar:6.4.8]
	at org.springframework.security.web.context.SecurityContextHolderFilter.doFilter(SecurityContextHolderFilter.java:69) ~[spring-security-web-6.4.8.jar:6.4.8]
	at org.springframework.security.web.ObservationFilterChainDecorator$ObservationFilter.wrapFilter(ObservationFilterChainDecorator.java:240) ~[spring-security-web-6.4.8.jar:6.4.8]
	at org.springframework.security.web.ObservationFilterChainDecorator$ObservationFilter.doFilter(ObservationFilterChainDecorator.java:227) ~[spring-security-web-6.4.8.jar:6.4.8]
	at org.springframework.security.web.ObservationFilterChainDecorator$VirtualFilterChain.doFilter(ObservationFilterChainDecorator.java:137) ~[spring-security-web-6.4.8.jar:6.4.8]
	at org.springframework.security.web.context.request.async.WebAsyncManagerIntegrationFilter.doFilterInternal(WebAsyncManagerIntegrationFilter.java:62) ~[spring-security-web-6.4.8.jar:6.4.8]
	at org.springframework.web.filter.OncePerRequestFilter.doFilter(OncePerRequestFilter.java:116) ~[spring-web-6.2.9.jar:6.2.9]
	at org.springframework.security.web.ObservationFilterChainDecorator$ObservationFilter.wrapFilter(ObservationFilterChainDecorator.java:240) ~[spring-security-web-6.4.8.jar:6.4.8]
	at org.springframework.security.web.ObservationFilterChainDecorator$ObservationFilter.doFilter(ObservationFilterChainDecorator.java:227) ~[spring-security-web-6.4.8.jar:6.4.8]
	at org.springframework.security.web.ObservationFilterChainDecorator$VirtualFilterChain.doFilter(ObservationFilterChainDecorator.java:137) ~[spring-security-web-6.4.8.jar:6.4.8]
	at org.springframework.security.web.session.DisableEncodeUrlFilter.doFilterInternal(DisableEncodeUrlFilter.java:42) ~[spring-security-web-6.4.8.jar:6.4.8]
	at org.springframework.web.filter.OncePerRequestFilter.doFilter(OncePerRequestFilter.java:116) ~[spring-web-6.2.9.jar:6.2.9]
	at org.springframework.security.web.ObservationFilterChainDecorator$ObservationFilter.wrapFilter(ObservationFilterChainDecorator.java:240) ~[spring-security-web-6.4.8.jar:6.4.8]
	at org.springframework.security.web.ObservationFilterChainDecorator$AroundFilterObservation$SimpleAroundFilterObservation.lambda$wrap$0(ObservationFilterChainDecorator.java:323) ~[spring-security-web-6.4.8.jar:6.4.8]
	at org.springframework.security.web.ObservationFilterChainDecorator$ObservationFilter.doFilter(ObservationFilterChainDecorator.java:224) ~[spring-security-web-6.4.8.jar:6.4.8]
	at org.springframework.security.web.ObservationFilterChainDecorator$VirtualFilterChain.doFilter(ObservationFilterChainDecorator.java:137) ~[spring-security-web-6.4.8.jar:6.4.8]
	at org.springframework.security.web.FilterChainProxy.doFilterInternal(FilterChainProxy.java:233) ~[spring-security-web-6.4.8.jar:6.4.8]
	at org.springframework.security.web.FilterChainProxy.doFilter(FilterChainProxy.java:191) ~[spring-security-web-6.4.8.jar:6.4.8]
	at org.springframework.web.filter.CompositeFilter$VirtualFilterChain.doFilter(CompositeFilter.java:113) ~[spring-web-6.2.9.jar:6.2.9]
	at org.springframework.web.servlet.handler.HandlerMappingIntrospector.lambda$createCacheFilter$4(HandlerMappingIntrospector.java:267) ~[spring-webmvc-6.2.9.jar:6.2.9]
	at org.springframework.web.filter.CompositeFilter$VirtualFilterChain.doFilter(CompositeFilter.java:113) ~[spring-web-6.2.9.jar:6.2.9]
	at org.springframework.web.filter.CompositeFilter.doFilter(CompositeFilter.java:74) ~[spring-web-6.2.9.jar:6.2.9]
	at org.springframework.security.config.annotation.web.configuration.WebMvcSecurityConfiguration$CompositeFilterChainProxy.doFilter(WebMvcSecurityConfiguration.java:238) ~[spring-security-config-6.4.8.jar:6.4.8]
	at org.springframework.web.filter.DelegatingFilterProxy.invokeDelegate(DelegatingFilterProxy.java:362) ~[spring-web-6.2.9.jar:6.2.9]
	at org.springframework.web.filter.DelegatingFilterProxy.doFilter(DelegatingFilterProxy.java:278) ~[spring-web-6.2.9.jar:6.2.9]
	at org.apache.catalina.core.ApplicationFilterChain.internalDoFilter(ApplicationFilterChain.java:164) ~[tomcat-embed-core-10.1.43.jar:10.1.43]
	at org.apache.catalina.core.ApplicationFilterChain.doFilter(ApplicationFilterChain.java:140) ~[tomcat-embed-core-10.1.43.jar:10.1.43]
	at org.springframework.web.filter.RequestContextFilter.doFilterInternal(RequestContextFilter.java:100) ~[spring-web-6.2.9.jar:6.2.9]
	at org.springframework.web.filter.OncePerRequestFilter.doFilter(OncePerRequestFilter.java:116) ~[spring-web-6.2.9.jar:6.2.9]
	at org.apache.catalina.core.ApplicationFilterChain.internalDoFilter(ApplicationFilterChain.java:164) ~[tomcat-embed-core-10.1.43.jar:10.1.43]
	at org.apache.catalina.core.ApplicationFilterChain.doFilter(ApplicationFilterChain.java:140) ~[tomcat-embed-core-10.1.43.jar:10.1.43]
	at org.springframework.web.filter.FormContentFilter.doFilterInternal(FormContentFilter.java:93) ~[spring-web-6.2.9.jar:6.2.9]
	at org.springframework.web.filter.OncePerRequestFilter.doFilter(OncePerRequestFilter.java:116) ~[spring-web-6.2.9.jar:6.2.9]
	at org.apache.catalina.core.ApplicationFilterChain.internalDoFilter(ApplicationFilterChain.java:164) ~[tomcat-embed-core-10.1.43.jar:10.1.43]
	at org.apache.catalina.core.ApplicationFilterChain.doFilter(ApplicationFilterChain.java:140) ~[tomcat-embed-core-10.1.43.jar:10.1.43]
	at org.springframework.web.filter.ServerHttpObservationFilter.doFilterInternal(ServerHttpObservationFilter.java:110) ~[spring-web-6.2.9.jar:6.2.9]
	at org.springframework.web.filter.OncePerRequestFilter.doFilter(OncePerRequestFilter.java:116) ~[spring-web-6.2.9.jar:6.2.9]
	at org.apache.catalina.core.ApplicationFilterChain.internalDoFilter(ApplicationFilterChain.java:164) ~[tomcat-embed-core-10.1.43.jar:10.1.43]
	at org.apache.catalina.core.ApplicationFilterChain.doFilter(ApplicationFilterChain.java:140) ~[tomcat-embed-core-10.1.43.jar:10.1.43]
	at org.springframework.web.filter.CharacterEncodingFilter.doFilterInternal(CharacterEncodingFilter.java:201) ~[spring-web-6.2.9.jar:6.2.9]
	at org.springframework.web.filter.OncePerRequestFilter.doFilter(OncePerRequestFilter.java:116) ~[spring-web-6.2.9.jar:6.2.9]
	at org.apache.catalina.core.ApplicationFilterChain.internalDoFilter(ApplicationFilterChain.java:164) ~[tomcat-embed-core-10.1.43.jar:10.1.43]
	at org.apache.catalina.core.ApplicationFilterChain.doFilter(ApplicationFilterChain.java:140) ~[tomcat-embed-core-10.1.43.jar:10.1.43]
	at org.apache.catalina.core.StandardWrapperValve.invoke(StandardWrapperValve.java:167) ~[tomcat-embed-core-10.1.43.jar:10.1.43]
	at org.apache.catalina.core.StandardContextValve.invoke(StandardContextValve.java:90) ~[tomcat-embed-core-10.1.43.jar:10.1.43]
	at org.apache.catalina.authenticator.AuthenticatorBase.invoke(AuthenticatorBase.java:483) ~[tomcat-embed-core-10.1.43.jar:10.1.43]
	at org.apache.catalina.core.StandardHostValve.invoke(StandardHostValve.java:116) ~[tomcat-embed-core-10.1.43.jar:10.1.43]
	at org.apache.catalina.valves.ErrorReportValve.invoke(ErrorReportValve.java:93) ~[tomcat-embed-core-10.1.43.jar:10.1.43]
	at org.apache.catalina.core.StandardEngineValve.invoke(StandardEngineValve.java:74) ~[tomcat-embed-core-10.1.43.jar:10.1.43]
	at org.apache.catalina.connector.CoyoteAdapter.service(CoyoteAdapter.java:344) ~[tomcat-embed-core-10.1.43.jar:10.1.43]
	at org.apache.coyote.http11.Http11Processor.service(Http11Processor.java:398) ~[tomcat-embed-core-10.1.43.jar:10.1.43]
	at org.apache.coyote.AbstractProcessorLight.process(AbstractProcessorLight.java:63) ~[tomcat-embed-core-10.1.43.jar:10.1.43]
	at org.apache.coyote.AbstractProtocol$ConnectionHandler.process(AbstractProtocol.java:903) ~[tomcat-embed-core-10.1.43.jar:10.1.43]
	at org.apache.tomcat.util.net.NioEndpoint$SocketProcessor.doRun(NioEndpoint.java:1769) ~[tomcat-embed-core-10.1.43.jar:10.1.43]
	at org.apache.tomcat.util.net.SocketProcessorBase.run(SocketProcessorBase.java:52) ~[tomcat-embed-core-10.1.43.jar:10.1.43]
	at org.apache.tomcat.util.threads.ThreadPoolExecutor.runWorker(ThreadPoolExecutor.java:1189) ~[tomcat-embed-core-10.1.43.jar:10.1.43]
	at org.apache.tomcat.util.threads.ThreadPoolExecutor$Worker.run(ThreadPoolExecutor.java:658) ~[tomcat-embed-core-10.1.43.jar:10.1.43]
	at org.apache.tomcat.util.threads.TaskThread$WrappingRunnable.run(TaskThread.java:63) ~[tomcat-embed-core-10.1.43.jar:10.1.43]
	at java.base/java.lang.Thread.run(Thread.java:1589) ~[na:na]

2026-05-02T02:10:58.497+02:00 DEBUG 3936 --- [banking-system] [http-nio-8084-exec-3] o.s.w.s.m.m.a.HttpEntityMethodProcessor  : Using 'application/json', given [application/json, text/plain, */*] and supported [application/json, application/*+json]
2026-05-02T02:10:58.498+02:00 DEBUG 3936 --- [banking-system] [http-nio-8084-exec-3] o.s.w.s.m.m.a.HttpEntityMethodProcessor  : Writing [com.banking.exceptions.ApiError@34c9d95b]
2026-05-02T02:10:58.500+02:00  WARN 3936 --- [banking-system] [http-nio-8084-exec-3] .m.m.a.ExceptionHandlerExceptionResolver : Resolved [org.springframework.web.servlet.resource.NoResourceFoundException: No static resource api/auth/me.]
2026-05-02T02:10:58.500+02:00 DEBUG 3936 --- [banking-system] [http-nio-8084-exec-3] o.s.web.servlet.DispatcherServlet        : Completed 500 INTERNAL_SERVER_ERROR
2026-05-02T02:11:01.431+02:00 DEBUG 3936 --- [banking-system] [http-nio-8084-exec-6] o.s.security.web.FilterChainProxy        : Securing GET /api/comptes
2026-05-02T02:11:01.650+02:00 DEBUG 3936 --- [banking-system] [http-nio-8084-exec-6] o.s.security.web.FilterChainProxy        : Secured GET /api/comptes
2026-05-02T02:11:01.651+02:00 DEBUG 3936 --- [banking-system] [http-nio-8084-exec-6] o.s.web.servlet.DispatcherServlet        : GET "/api/comptes", parameters={}
2026-05-02T02:11:01.652+02:00 DEBUG 3936 --- [banking-system] [http-nio-8084-exec-6] s.w.s.m.m.a.RequestMappingHandlerMapping : Mapped to com.banking.controllers.CompteBancaireController#getMyAccounts(Authentication)
2026-05-02T02:11:01.816+02:00 DEBUG 3936 --- [banking-system] [http-nio-8084-exec-6] org.hibernate.SQL                        : 
    select
        cb1_0.id,
        cb1_0.balance,
        cb1_0.client_id,
        cb1_0.created_at,
        cb1_0.devise,
        cb1_0.intitule,
        cb1_0.num_compte,
        cb1_0.status,
        cb1_0.updated_at 
    from
        comptes_bancaires cb1_0 
    join
        clients c1_0 
            on c1_0.id=cb1_0.client_id 
    join
        personnes c1_1 
            on c1_0.id=c1_1.id 
    where
        c1_1.email=?
2026-05-02T02:11:01.817+02:00 TRACE 3936 --- [banking-system] [http-nio-8084-exec-6] org.hibernate.orm.jdbc.bind              : binding parameter (1:VARCHAR) <- [fizent5@bein.fr]
2026-05-02T02:11:01.948+02:00 DEBUG 3936 --- [banking-system] [http-nio-8084-exec-6] o.s.w.s.m.m.a.HttpEntityMethodProcessor  : Using 'application/json', given [application/json, text/plain, */*] and supported [application/json, application/*+json]
2026-05-02T02:11:01.952+02:00 DEBUG 3936 --- [banking-system] [http-nio-8084-exec-6] o.s.w.s.m.m.a.HttpEntityMethodProcessor  : Writing [[]]
2026-05-02T02:11:01.976+02:00 DEBUG 3936 --- [banking-system] [http-nio-8084-exec-6] o.s.web.servlet.DispatcherServlet        : Completed 200 OK
2026-05-02T02:12:53.654+02:00 DEBUG 3936 --- [banking-system] [http-nio-8084-exec-10] o.s.security.web.FilterChainProxy        : Securing POST /api/auth/login
2026-05-02T02:12:53.731+02:00 DEBUG 3936 --- [banking-system] [http-nio-8084-exec-10] o.s.s.w.a.AnonymousAuthenticationFilter  : Set SecurityContextHolder to anonymous SecurityContext
2026-05-02T02:12:53.748+02:00 DEBUG 3936 --- [banking-system] [http-nio-8084-exec-10] o.s.security.web.FilterChainProxy        : Secured POST /api/auth/login
2026-05-02T02:12:53.755+02:00 DEBUG 3936 --- [banking-system] [http-nio-8084-exec-10] o.s.web.servlet.DispatcherServlet        : POST "/api/auth/login", parameters={}
2026-05-02T02:12:53.756+02:00 DEBUG 3936 --- [banking-system] [http-nio-8084-exec-10] s.w.s.m.m.a.RequestMappingHandlerMapping : Mapped to com.banking.controllers.AuthController#login(LoginRequest)
2026-05-02T02:12:53.901+02:00 DEBUG 3936 --- [banking-system] [http-nio-8084-exec-10] m.m.a.RequestResponseBodyMethodProcessor : Read "application/json;charset=UTF-8" to [com.banking.dto.request.LoginRequest@2e91a0f6]
2026-05-02T02:12:54.315+02:00  INFO 3936 --- [banking-system] [http-nio-8084-exec-10] com.banking.controllers.AuthController   : Tentative de connexion pour test9464@test.local
2026-05-02T02:12:55.844+02:00 DEBUG 3936 --- [banking-system] [http-nio-8084-exec-10] org.hibernate.SQL                        : 
    select
        c1_0.id,
        c1_1.created_at,
        c1_1.email,
        c1_1.mot_de_passe,
        c1_1.nom,
        c1_1.prenom,
        c1_1.role,
        c1_1.updated_at 
    from
        clients c1_0 
    join
        personnes c1_1 
            on c1_0.id=c1_1.id 
    where
        c1_1.email=?
2026-05-02T02:12:55.994+02:00 TRACE 3936 --- [banking-system] [http-nio-8084-exec-10] org.hibernate.orm.jdbc.bind              : binding parameter (1:VARCHAR) <- [test9464@test.local]
2026-05-02T02:12:56.920+02:00  WARN 3936 --- [banking-system] [http-nio-8084-exec-10] com.banking.controllers.AuthController   : Échec de connexion: test9464@test.local
2026-05-02T02:12:57.035+02:00 DEBUG 3936 --- [banking-system] [http-nio-8084-exec-10] .m.m.a.ExceptionHandlerExceptionResolver : Using @ExceptionHandler com.banking.exceptions.GlobalExceptionHandler#handleUnauthorized(RuntimeException, HttpServletRequest)
2026-05-02T02:12:57.115+02:00  WARN 3936 --- [banking-system] [http-nio-8084-exec-10] c.b.exceptions.GlobalExceptionHandler    : Unauthorized access on /api/auth/login: Email ou mot de passe incorrect
2026-05-02T02:12:57.168+02:00 DEBUG 3936 --- [banking-system] [http-nio-8084-exec-10] o.s.w.s.m.m.a.HttpEntityMethodProcessor  : Using 'application/json', given [application/json, text/plain, */*] and supported [application/json, application/*+json]
2026-05-02T02:12:57.175+02:00 DEBUG 3936 --- [banking-system] [http-nio-8084-exec-10] o.s.w.s.m.m.a.HttpEntityMethodProcessor  : Writing [com.banking.exceptions.ApiError@63b0c373]
2026-05-02T02:12:57.353+02:00  WARN 3936 --- [banking-system] [http-nio-8084-exec-10] .m.m.a.ExceptionHandlerExceptionResolver : Resolved [com.banking.exceptions.UnauthorizedAccessException: Email ou mot de passe incorrect]
2026-05-02T02:12:57.364+02:00 DEBUG 3936 --- [banking-system] [http-nio-8084-exec-10] o.s.web.servlet.DispatcherServlet        : Completed 403 FORBIDDEN
2026-05-02T02:13:27.746+02:00 DEBUG 3936 --- [banking-system] [http-nio-8084-exec-9] o.s.security.web.FilterChainProxy        : Securing POST /api/auth/login
2026-05-02T02:13:27.776+02:00 DEBUG 3936 --- [banking-system] [http-nio-8084-exec-9] o.s.s.w.a.AnonymousAuthenticationFilter  : Set SecurityContextHolder to anonymous SecurityContext
2026-05-02T02:13:27.793+02:00 DEBUG 3936 --- [banking-system] [http-nio-8084-exec-9] o.s.security.web.FilterChainProxy        : Secured POST /api/auth/login
2026-05-02T02:13:27.793+02:00 DEBUG 3936 --- [banking-system] [http-nio-8084-exec-9] o.s.web.servlet.DispatcherServlet        : POST "/api/auth/login", parameters={}
2026-05-02T02:13:27.794+02:00 DEBUG 3936 --- [banking-system] [http-nio-8084-exec-9] s.w.s.m.m.a.RequestMappingHandlerMapping : Mapped to com.banking.controllers.AuthController#login(LoginRequest)
2026-05-02T02:13:27.799+02:00 DEBUG 3936 --- [banking-system] [http-nio-8084-exec-9] m.m.a.RequestResponseBodyMethodProcessor : Read "application/json;charset=UTF-8" to [com.banking.dto.request.LoginRequest@6cfe59a8]
2026-05-02T02:13:27.805+02:00  INFO 3936 --- [banking-system] [http-nio-8084-exec-9] com.banking.controllers.AuthController   : Tentative de connexion pour ducoins@gmail.com
2026-05-02T02:13:27.826+02:00 DEBUG 3936 --- [banking-system] [http-nio-8084-exec-9] org.hibernate.SQL                        : 
    select
        c1_0.id,
        c1_1.created_at,
        c1_1.email,
        c1_1.mot_de_passe,
        c1_1.nom,
        c1_1.prenom,
        c1_1.role,
        c1_1.updated_at 
    from
        clients c1_0 
    join
        personnes c1_1 
            on c1_0.id=c1_1.id 
    where
        c1_1.email=?
2026-05-02T02:13:27.874+02:00 TRACE 3936 --- [banking-system] [http-nio-8084-exec-9] org.hibernate.orm.jdbc.bind              : binding parameter (1:VARCHAR) <- [ducoins@gmail.com]
2026-05-02T02:13:28.380+02:00 DEBUG 3936 --- [banking-system] [http-nio-8084-exec-9] o.s.w.s.m.m.a.HttpEntityMethodProcessor  : Using 'application/json', given [application/json, text/plain, */*] and supported [application/json, application/*+json]
2026-05-02T02:13:28.404+02:00 DEBUG 3936 --- [banking-system] [http-nio-8084-exec-9] o.s.w.s.m.m.a.HttpEntityMethodProcessor  : Writing [ApiResponse(success=true, message=Connexion réussie, data=LoginResponse{token='eyJhbGciOiJIUzUxMiJ9. (truncated)...]
2026-05-02T02:13:28.417+02:00 DEBUG 3936 --- [banking-system] [http-nio-8084-exec-9] o.s.web.servlet.DispatcherServlet        : Completed 200 OK
2026-05-02T02:13:28.468+02:00 DEBUG 3936 --- [banking-system] [http-nio-8084-exec-2] o.s.security.web.FilterChainProxy        : Securing GET /api/auth/me
2026-05-02T02:13:28.471+02:00 DEBUG 3936 --- [banking-system] [http-nio-8084-exec-2] o.s.s.w.a.AnonymousAuthenticationFilter  : Set SecurityContextHolder to anonymous SecurityContext
2026-05-02T02:13:28.472+02:00 DEBUG 3936 --- [banking-system] [http-nio-8084-exec-2] o.s.security.web.FilterChainProxy        : Secured GET /api/auth/me
2026-05-02T02:13:28.473+02:00 DEBUG 3936 --- [banking-system] [http-nio-8084-exec-2] o.s.web.servlet.DispatcherServlet        : GET "/api/auth/me", parameters={}
2026-05-02T02:13:28.503+02:00 DEBUG 3936 --- [banking-system] [http-nio-8084-exec-2] o.s.w.s.handler.SimpleUrlHandlerMapping  : Mapped to ResourceHttpRequestHandler [classpath [META-INF/resources/], classpath [resources/], classpath [static/], classpath [public/], ServletContext [/]]
2026-05-02T02:13:28.535+02:00 DEBUG 3936 --- [banking-system] [http-nio-8084-exec-2] o.s.w.s.r.ResourceHttpRequestHandler     : Resource not found
2026-05-02T02:13:28.547+02:00 DEBUG 3936 --- [banking-system] [http-nio-8084-exec-2] .m.m.a.ExceptionHandlerExceptionResolver : Using @ExceptionHandler com.banking.exceptions.GlobalExceptionHandler#handleGenericException(Exception, HttpServletRequest)
2026-05-02T02:13:28.547+02:00 ERROR 3936 --- [banking-system] [http-nio-8084-exec-2] c.b.exceptions.GlobalExceptionHandler    : Unexpected error on /api/auth/me: No static resource api/auth/me.

org.springframework.web.servlet.resource.NoResourceFoundException: No static resource api/auth/me.
	at org.springframework.web.servlet.resource.ResourceHttpRequestHandler.handleRequest(ResourceHttpRequestHandler.java:585) ~[spring-webmvc-6.2.9.jar:6.2.9]
	at org.springframework.web.servlet.mvc.HttpRequestHandlerAdapter.handle(HttpRequestHandlerAdapter.java:52) ~[spring-webmvc-6.2.9.jar:6.2.9]
	at org.springframework.web.servlet.DispatcherServlet.doDispatch(DispatcherServlet.java:1089) ~[spring-webmvc-6.2.9.jar:6.2.9]
	at org.springframework.web.servlet.DispatcherServlet.doService(DispatcherServlet.java:979) ~[spring-webmvc-6.2.9.jar:6.2.9]
	at org.springframework.web.servlet.FrameworkServlet.processRequest(FrameworkServlet.java:1014) ~[spring-webmvc-6.2.9.jar:6.2.9]
	at org.springframework.web.servlet.FrameworkServlet.doGet(FrameworkServlet.java:903) ~[spring-webmvc-6.2.9.jar:6.2.9]
	at jakarta.servlet.http.HttpServlet.service(HttpServlet.java:564) ~[tomcat-embed-core-10.1.43.jar:6.0]
	at org.springframework.web.servlet.FrameworkServlet.service(FrameworkServlet.java:885) ~[spring-webmvc-6.2.9.jar:6.2.9]
	at jakarta.servlet.http.HttpServlet.service(HttpServlet.java:658) ~[tomcat-embed-core-10.1.43.jar:6.0]
	at org.apache.catalina.core.ApplicationFilterChain.internalDoFilter(ApplicationFilterChain.java:195) ~[tomcat-embed-core-10.1.43.jar:10.1.43]
	at org.apache.catalina.core.ApplicationFilterChain.doFilter(ApplicationFilterChain.java:140) ~[tomcat-embed-core-10.1.43.jar:10.1.43]
	at org.apache.tomcat.websocket.server.WsFilter.doFilter(WsFilter.java:51) ~[tomcat-embed-websocket-10.1.43.jar:10.1.43]
	at org.apache.catalina.core.ApplicationFilterChain.internalDoFilter(ApplicationFilterChain.java:164) ~[tomcat-embed-core-10.1.43.jar:10.1.43]
	at org.apache.catalina.core.ApplicationFilterChain.doFilter(ApplicationFilterChain.java:140) ~[tomcat-embed-core-10.1.43.jar:10.1.43]
	at org.springframework.web.filter.OncePerRequestFilter.doFilter(OncePerRequestFilter.java:110) ~[spring-web-6.2.9.jar:6.2.9]
	at org.apache.catalina.core.ApplicationFilterChain.internalDoFilter(ApplicationFilterChain.java:164) ~[tomcat-embed-core-10.1.43.jar:10.1.43]
	at org.apache.catalina.core.ApplicationFilterChain.doFilter(ApplicationFilterChain.java:140) ~[tomcat-embed-core-10.1.43.jar:10.1.43]
	at org.springframework.web.filter.CompositeFilter$VirtualFilterChain.doFilter(CompositeFilter.java:108) ~[spring-web-6.2.9.jar:6.2.9]
	at org.springframework.security.web.FilterChainProxy.lambda$doFilterInternal$3(FilterChainProxy.java:231) ~[spring-security-web-6.4.8.jar:6.4.8]
	at org.springframework.security.web.ObservationFilterChainDecorator$FilterObservation$SimpleFilterObservation.lambda$wrap$1(ObservationFilterChainDecorator.java:479) ~[spring-security-web-6.4.8.jar:6.4.8]
	at org.springframework.security.web.ObservationFilterChainDecorator$AroundFilterObservation$SimpleAroundFilterObservation.lambda$wrap$1(ObservationFilterChainDecorator.java:340) ~[spring-security-web-6.4.8.jar:6.4.8]
	at org.springframework.security.web.ObservationFilterChainDecorator.lambda$wrapSecured$0(ObservationFilterChainDecorator.java:82) ~[spring-security-web-6.4.8.jar:6.4.8]
	at org.springframework.security.web.ObservationFilterChainDecorator$VirtualFilterChain.doFilter(ObservationFilterChainDecorator.java:128) ~[spring-security-web-6.4.8.jar:6.4.8]
	at org.springframework.security.web.access.intercept.AuthorizationFilter.doFilter(AuthorizationFilter.java:101) ~[spring-security-web-6.4.8.jar:6.4.8]
	at org.springframework.security.web.ObservationFilterChainDecorator$ObservationFilter.wrapFilter(ObservationFilterChainDecorator.java:240) ~[spring-security-web-6.4.8.jar:6.4.8]
	at org.springframework.security.web.ObservationFilterChainDecorator$ObservationFilter.doFilter(ObservationFilterChainDecorator.java:227) ~[spring-security-web-6.4.8.jar:6.4.8]
	at org.springframework.security.web.ObservationFilterChainDecorator$VirtualFilterChain.doFilter(ObservationFilterChainDecorator.java:137) ~[spring-security-web-6.4.8.jar:6.4.8]
	at org.springframework.security.web.access.ExceptionTranslationFilter.doFilter(ExceptionTranslationFilter.java:126) ~[spring-security-web-6.4.8.jar:6.4.8]
	at org.springframework.security.web.access.ExceptionTranslationFilter.doFilter(ExceptionTranslationFilter.java:120) ~[spring-security-web-6.4.8.jar:6.4.8]
	at org.springframework.security.web.ObservationFilterChainDecorator$ObservationFilter.wrapFilter(ObservationFilterChainDecorator.java:240) ~[spring-security-web-6.4.8.jar:6.4.8]
	at org.springframework.security.web.ObservationFilterChainDecorator$ObservationFilter.doFilter(ObservationFilterChainDecorator.java:227) ~[spring-security-web-6.4.8.jar:6.4.8]
	at org.springframework.security.web.ObservationFilterChainDecorator$VirtualFilterChain.doFilter(ObservationFilterChainDecorator.java:137) ~[spring-security-web-6.4.8.jar:6.4.8]
	at org.springframework.security.web.session.SessionManagementFilter.doFilter(SessionManagementFilter.java:131) ~[spring-security-web-6.4.8.jar:6.4.8]
	at org.springframework.security.web.session.SessionManagementFilter.doFilter(SessionManagementFilter.java:85) ~[spring-security-web-6.4.8.jar:6.4.8]
	at org.springframework.security.web.ObservationFilterChainDecorator$ObservationFilter.wrapFilter(ObservationFilterChainDecorator.java:240) ~[spring-security-web-6.4.8.jar:6.4.8]
	at org.springframework.security.web.ObservationFilterChainDecorator$ObservationFilter.doFilter(ObservationFilterChainDecorator.java:227) ~[spring-security-web-6.4.8.jar:6.4.8]
	at org.springframework.security.web.ObservationFilterChainDecorator$VirtualFilterChain.doFilter(ObservationFilterChainDecorator.java:137) ~[spring-security-web-6.4.8.jar:6.4.8]
	at org.springframework.security.web.authentication.AnonymousAuthenticationFilter.doFilter(AnonymousAuthenticationFilter.java:100) ~[spring-security-web-6.4.8.jar:6.4.8]
	at org.springframework.security.web.ObservationFilterChainDecorator$ObservationFilter.wrapFilter(ObservationFilterChainDecorator.java:240) ~[spring-security-web-6.4.8.jar:6.4.8]
	at org.springframework.security.web.ObservationFilterChainDecorator$ObservationFilter.doFilter(ObservationFilterChainDecorator.java:227) ~[spring-security-web-6.4.8.jar:6.4.8]
	at org.springframework.security.web.ObservationFilterChainDecorator$VirtualFilterChain.doFilter(ObservationFilterChainDecorator.java:137) ~[spring-security-web-6.4.8.jar:6.4.8]
	at org.springframework.security.web.servletapi.SecurityContextHolderAwareRequestFilter.doFilter(SecurityContextHolderAwareRequestFilter.java:179) ~[spring-security-web-6.4.8.jar:6.4.8]
	at org.springframework.security.web.ObservationFilterChainDecorator$ObservationFilter.wrapFilter(ObservationFilterChainDecorator.java:240) ~[spring-security-web-6.4.8.jar:6.4.8]
	at org.springframework.security.web.ObservationFilterChainDecorator$ObservationFilter.doFilter(ObservationFilterChainDecorator.java:227) ~[spring-security-web-6.4.8.jar:6.4.8]
	at org.springframework.security.web.ObservationFilterChainDecorator$VirtualFilterChain.doFilter(ObservationFilterChainDecorator.java:137) ~[spring-security-web-6.4.8.jar:6.4.8]
	at org.springframework.security.web.savedrequest.RequestCacheAwareFilter.doFilter(RequestCacheAwareFilter.java:63) ~[spring-security-web-6.4.8.jar:6.4.8]
	at org.springframework.security.web.ObservationFilterChainDecorator$ObservationFilter.wrapFilter(ObservationFilterChainDecorator.java:240) ~[spring-security-web-6.4.8.jar:6.4.8]
	at org.springframework.security.web.ObservationFilterChainDecorator$ObservationFilter.doFilter(ObservationFilterChainDecorator.java:227) ~[spring-security-web-6.4.8.jar:6.4.8]
	at org.springframework.security.web.ObservationFilterChainDecorator$VirtualFilterChain.doFilter(ObservationFilterChainDecorator.java:137) ~[spring-security-web-6.4.8.jar:6.4.8]
	at com.banking.security.jwt.JwtAuthenticationFilter.doFilterInternal(JwtAuthenticationFilter.java:53) ~[classes/:na]
	at org.springframework.web.filter.OncePerRequestFilter.doFilter(OncePerRequestFilter.java:116) ~[spring-web-6.2.9.jar:6.2.9]
	at org.springframework.security.web.ObservationFilterChainDecorator$ObservationFilter.wrapFilter(ObservationFilterChainDecorator.java:240) ~[spring-security-web-6.4.8.jar:6.4.8]
	at org.springframework.security.web.ObservationFilterChainDecorator$ObservationFilter.doFilter(ObservationFilterChainDecorator.java:227) ~[spring-security-web-6.4.8.jar:6.4.8]
	at org.springframework.security.web.ObservationFilterChainDecorator$VirtualFilterChain.doFilter(ObservationFilterChainDecorator.java:137) ~[spring-security-web-6.4.8.jar:6.4.8]
	at org.springframework.security.web.authentication.logout.LogoutFilter.doFilter(LogoutFilter.java:107) ~[spring-security-web-6.4.8.jar:6.4.8]
	at org.springframework.security.web.authentication.logout.LogoutFilter.doFilter(LogoutFilter.java:93) ~[spring-security-web-6.4.8.jar:6.4.8]
	at org.springframework.security.web.ObservationFilterChainDecorator$ObservationFilter.wrapFilter(ObservationFilterChainDecorator.java:240) ~[spring-security-web-6.4.8.jar:6.4.8]
	at org.springframework.security.web.ObservationFilterChainDecorator$ObservationFilter.doFilter(ObservationFilterChainDecorator.java:227) ~[spring-security-web-6.4.8.jar:6.4.8]
	at org.springframework.security.web.ObservationFilterChainDecorator$VirtualFilterChain.doFilter(ObservationFilterChainDecorator.java:137) ~[spring-security-web-6.4.8.jar:6.4.8]
	at org.springframework.web.filter.CorsFilter.doFilterInternal(CorsFilter.java:91) ~[spring-web-6.2.9.jar:6.2.9]
	at org.springframework.web.filter.OncePerRequestFilter.doFilter(OncePerRequestFilter.java:116) ~[spring-web-6.2.9.jar:6.2.9]
	at org.springframework.security.web.ObservationFilterChainDecorator$ObservationFilter.wrapFilter(ObservationFilterChainDecorator.java:240) ~[spring-security-web-6.4.8.jar:6.4.8]
	at org.springframework.security.web.ObservationFilterChainDecorator$ObservationFilter.doFilter(ObservationFilterChainDecorator.java:227) ~[spring-security-web-6.4.8.jar:6.4.8]
	at org.springframework.security.web.ObservationFilterChainDecorator$VirtualFilterChain.doFilter(ObservationFilterChainDecorator.java:137) ~[spring-security-web-6.4.8.jar:6.4.8]
	at org.springframework.security.web.header.HeaderWriterFilter.doHeadersAfter(HeaderWriterFilter.java:90) ~[spring-security-web-6.4.8.jar:6.4.8]
	at org.springframework.security.web.header.HeaderWriterFilter.doFilterInternal(HeaderWriterFilter.java:75) ~[spring-security-web-6.4.8.jar:6.4.8]
	at org.springframework.web.filter.OncePerRequestFilter.doFilter(OncePerRequestFilter.java:116) ~[spring-web-6.2.9.jar:6.2.9]
	at org.springframework.security.web.ObservationFilterChainDecorator$ObservationFilter.wrapFilter(ObservationFilterChainDecorator.java:240) ~[spring-security-web-6.4.8.jar:6.4.8]
	at org.springframework.security.web.ObservationFilterChainDecorator$ObservationFilter.doFilter(ObservationFilterChainDecorator.java:227) ~[spring-security-web-6.4.8.jar:6.4.8]
	at org.springframework.security.web.ObservationFilterChainDecorator$VirtualFilterChain.doFilter(ObservationFilterChainDecorator.java:137) ~[spring-security-web-6.4.8.jar:6.4.8]
	at org.springframework.security.web.context.SecurityContextHolderFilter.doFilter(SecurityContextHolderFilter.java:82) ~[spring-security-web-6.4.8.jar:6.4.8]
	at org.springframework.security.web.context.SecurityContextHolderFilter.doFilter(SecurityContextHolderFilter.java:69) ~[spring-security-web-6.4.8.jar:6.4.8]
	at org.springframework.security.web.ObservationFilterChainDecorator$ObservationFilter.wrapFilter(ObservationFilterChainDecorator.java:240) ~[spring-security-web-6.4.8.jar:6.4.8]
	at org.springframework.security.web.ObservationFilterChainDecorator$ObservationFilter.doFilter(ObservationFilterChainDecorator.java:227) ~[spring-security-web-6.4.8.jar:6.4.8]
	at org.springframework.security.web.ObservationFilterChainDecorator$VirtualFilterChain.doFilter(ObservationFilterChainDecorator.java:137) ~[spring-security-web-6.4.8.jar:6.4.8]
	at org.springframework.security.web.context.request.async.WebAsyncManagerIntegrationFilter.doFilterInternal(WebAsyncManagerIntegrationFilter.java:62) ~[spring-security-web-6.4.8.jar:6.4.8]
	at org.springframework.web.filter.OncePerRequestFilter.doFilter(OncePerRequestFilter.java:116) ~[spring-web-6.2.9.jar:6.2.9]
	at org.springframework.security.web.ObservationFilterChainDecorator$ObservationFilter.wrapFilter(ObservationFilterChainDecorator.java:240) ~[spring-security-web-6.4.8.jar:6.4.8]
	at org.springframework.security.web.ObservationFilterChainDecorator$ObservationFilter.doFilter(ObservationFilterChainDecorator.java:227) ~[spring-security-web-6.4.8.jar:6.4.8]
	at org.springframework.security.web.ObservationFilterChainDecorator$VirtualFilterChain.doFilter(ObservationFilterChainDecorator.java:137) ~[spring-security-web-6.4.8.jar:6.4.8]
	at org.springframework.security.web.session.DisableEncodeUrlFilter.doFilterInternal(DisableEncodeUrlFilter.java:42) ~[spring-security-web-6.4.8.jar:6.4.8]
	at org.springframework.web.filter.OncePerRequestFilter.doFilter(OncePerRequestFilter.java:116) ~[spring-web-6.2.9.jar:6.2.9]
	at org.springframework.security.web.ObservationFilterChainDecorator$ObservationFilter.wrapFilter(ObservationFilterChainDecorator.java:240) ~[spring-security-web-6.4.8.jar:6.4.8]
	at org.springframework.security.web.ObservationFilterChainDecorator$AroundFilterObservation$SimpleAroundFilterObservation.lambda$wrap$0(ObservationFilterChainDecorator.java:323) ~[spring-security-web-6.4.8.jar:6.4.8]
	at org.springframework.security.web.ObservationFilterChainDecorator$ObservationFilter.doFilter(ObservationFilterChainDecorator.java:224) ~[spring-security-web-6.4.8.jar:6.4.8]
	at org.springframework.security.web.ObservationFilterChainDecorator$VirtualFilterChain.doFilter(ObservationFilterChainDecorator.java:137) ~[spring-security-web-6.4.8.jar:6.4.8]
	at org.springframework.security.web.FilterChainProxy.doFilterInternal(FilterChainProxy.java:233) ~[spring-security-web-6.4.8.jar:6.4.8]
	at org.springframework.security.web.FilterChainProxy.doFilter(FilterChainProxy.java:191) ~[spring-security-web-6.4.8.jar:6.4.8]
	at org.springframework.web.filter.CompositeFilter$VirtualFilterChain.doFilter(CompositeFilter.java:113) ~[spring-web-6.2.9.jar:6.2.9]
	at org.springframework.web.servlet.handler.HandlerMappingIntrospector.lambda$createCacheFilter$4(HandlerMappingIntrospector.java:267) ~[spring-webmvc-6.2.9.jar:6.2.9]
	at org.springframework.web.filter.CompositeFilter$VirtualFilterChain.doFilter(CompositeFilter.java:113) ~[spring-web-6.2.9.jar:6.2.9]
	at org.springframework.web.filter.CompositeFilter.doFilter(CompositeFilter.java:74) ~[spring-web-6.2.9.jar:6.2.9]
	at org.springframework.security.config.annotation.web.configuration.WebMvcSecurityConfiguration$CompositeFilterChainProxy.doFilter(WebMvcSecurityConfiguration.java:238) ~[spring-security-config-6.4.8.jar:6.4.8]
	at org.springframework.web.filter.DelegatingFilterProxy.invokeDelegate(DelegatingFilterProxy.java:362) ~[spring-web-6.2.9.jar:6.2.9]
	at org.springframework.web.filter.DelegatingFilterProxy.doFilter(DelegatingFilterProxy.java:278) ~[spring-web-6.2.9.jar:6.2.9]
	at org.apache.catalina.core.ApplicationFilterChain.internalDoFilter(ApplicationFilterChain.java:164) ~[tomcat-embed-core-10.1.43.jar:10.1.43]
	at org.apache.catalina.core.ApplicationFilterChain.doFilter(ApplicationFilterChain.java:140) ~[tomcat-embed-core-10.1.43.jar:10.1.43]
	at org.springframework.web.filter.RequestContextFilter.doFilterInternal(RequestContextFilter.java:100) ~[spring-web-6.2.9.jar:6.2.9]
	at org.springframework.web.filter.OncePerRequestFilter.doFilter(OncePerRequestFilter.java:116) ~[spring-web-6.2.9.jar:6.2.9]
	at org.apache.catalina.core.ApplicationFilterChain.internalDoFilter(ApplicationFilterChain.java:164) ~[tomcat-embed-core-10.1.43.jar:10.1.43]
	at org.apache.catalina.core.ApplicationFilterChain.doFilter(ApplicationFilterChain.java:140) ~[tomcat-embed-core-10.1.43.jar:10.1.43]
	at org.springframework.web.filter.FormContentFilter.doFilterInternal(FormContentFilter.java:93) ~[spring-web-6.2.9.jar:6.2.9]
	at org.springframework.web.filter.OncePerRequestFilter.doFilter(OncePerRequestFilter.java:116) ~[spring-web-6.2.9.jar:6.2.9]
	at org.apache.catalina.core.ApplicationFilterChain.internalDoFilter(ApplicationFilterChain.java:164) ~[tomcat-embed-core-10.1.43.jar:10.1.43]
	at org.apache.catalina.core.ApplicationFilterChain.doFilter(ApplicationFilterChain.java:140) ~[tomcat-embed-core-10.1.43.jar:10.1.43]
	at org.springframework.web.filter.ServerHttpObservationFilter.doFilterInternal(ServerHttpObservationFilter.java:110) ~[spring-web-6.2.9.jar:6.2.9]
	at org.springframework.web.filter.OncePerRequestFilter.doFilter(OncePerRequestFilter.java:116) ~[spring-web-6.2.9.jar:6.2.9]
	at org.apache.catalina.core.ApplicationFilterChain.internalDoFilter(ApplicationFilterChain.java:164) ~[tomcat-embed-core-10.1.43.jar:10.1.43]
	at org.apache.catalina.core.ApplicationFilterChain.doFilter(ApplicationFilterChain.java:140) ~[tomcat-embed-core-10.1.43.jar:10.1.43]
	at org.springframework.web.filter.CharacterEncodingFilter.doFilterInternal(CharacterEncodingFilter.java:201) ~[spring-web-6.2.9.jar:6.2.9]
	at org.springframework.web.filter.OncePerRequestFilter.doFilter(OncePerRequestFilter.java:116) ~[spring-web-6.2.9.jar:6.2.9]
	at org.apache.catalina.core.ApplicationFilterChain.internalDoFilter(ApplicationFilterChain.java:164) ~[tomcat-embed-core-10.1.43.jar:10.1.43]
	at org.apache.catalina.core.ApplicationFilterChain.doFilter(ApplicationFilterChain.java:140) ~[tomcat-embed-core-10.1.43.jar:10.1.43]
	at org.apache.catalina.core.StandardWrapperValve.invoke(StandardWrapperValve.java:167) ~[tomcat-embed-core-10.1.43.jar:10.1.43]
	at org.apache.catalina.core.StandardContextValve.invoke(StandardContextValve.java:90) ~[tomcat-embed-core-10.1.43.jar:10.1.43]
	at org.apache.catalina.authenticator.AuthenticatorBase.invoke(AuthenticatorBase.java:483) ~[tomcat-embed-core-10.1.43.jar:10.1.43]
	at org.apache.catalina.core.StandardHostValve.invoke(StandardHostValve.java:116) ~[tomcat-embed-core-10.1.43.jar:10.1.43]
	at org.apache.catalina.valves.ErrorReportValve.invoke(ErrorReportValve.java:93) ~[tomcat-embed-core-10.1.43.jar:10.1.43]
	at org.apache.catalina.core.StandardEngineValve.invoke(StandardEngineValve.java:74) ~[tomcat-embed-core-10.1.43.jar:10.1.43]
	at org.apache.catalina.connector.CoyoteAdapter.service(CoyoteAdapter.java:344) ~[tomcat-embed-core-10.1.43.jar:10.1.43]
	at org.apache.coyote.http11.Http11Processor.service(Http11Processor.java:398) ~[tomcat-embed-core-10.1.43.jar:10.1.43]
	at org.apache.coyote.AbstractProcessorLight.process(AbstractProcessorLight.java:63) ~[tomcat-embed-core-10.1.43.jar:10.1.43]
	at org.apache.coyote.AbstractProtocol$ConnectionHandler.process(AbstractProtocol.java:903) ~[tomcat-embed-core-10.1.43.jar:10.1.43]
	at org.apache.tomcat.util.net.NioEndpoint$SocketProcessor.doRun(NioEndpoint.java:1769) ~[tomcat-embed-core-10.1.43.jar:10.1.43]
	at org.apache.tomcat.util.net.SocketProcessorBase.run(SocketProcessorBase.java:52) ~[tomcat-embed-core-10.1.43.jar:10.1.43]
	at org.apache.tomcat.util.threads.ThreadPoolExecutor.runWorker(ThreadPoolExecutor.java:1189) ~[tomcat-embed-core-10.1.43.jar:10.1.43]
	at org.apache.tomcat.util.threads.ThreadPoolExecutor$Worker.run(ThreadPoolExecutor.java:658) ~[tomcat-embed-core-10.1.43.jar:10.1.43]
	at org.apache.tomcat.util.threads.TaskThread$WrappingRunnable.run(TaskThread.java:63) ~[tomcat-embed-core-10.1.43.jar:10.1.43]
	at java.base/java.lang.Thread.run(Thread.java:1589) ~[na:na]

2026-05-02T02:13:28.737+02:00 DEBUG 3936 --- [banking-system] [http-nio-8084-exec-2] o.s.w.s.m.m.a.HttpEntityMethodProcessor  : Using 'application/json', given [application/json, text/plain, */*] and supported [application/json, application/*+json]
2026-05-02T02:13:28.738+02:00 DEBUG 3936 --- [banking-system] [http-nio-8084-exec-2] o.s.w.s.m.m.a.HttpEntityMethodProcessor  : Writing [com.banking.exceptions.ApiError@2f607dae]
2026-05-02T02:13:28.740+02:00  WARN 3936 --- [banking-system] [http-nio-8084-exec-2] .m.m.a.ExceptionHandlerExceptionResolver : Resolved [org.springframework.web.servlet.resource.NoResourceFoundException: No static resource api/auth/me.]
2026-05-02T02:13:28.741+02:00 DEBUG 3936 --- [banking-system] [http-nio-8084-exec-2] o.s.web.servlet.DispatcherServlet        : Completed 500 INTERNAL_SERVER_ERROR
2026-05-02T02:13:28.992+02:00 DEBUG 3936 --- [banking-system] [http-nio-8084-exec-1] o.s.security.web.FilterChainProxy        : Securing GET /api/comptes
2026-05-02T02:13:29.166+02:00 DEBUG 3936 --- [banking-system] [http-nio-8084-exec-1] o.s.security.web.FilterChainProxy        : Secured GET /api/comptes
2026-05-02T02:13:29.167+02:00 DEBUG 3936 --- [banking-system] [http-nio-8084-exec-1] o.s.web.servlet.DispatcherServlet        : GET "/api/comptes", parameters={}
2026-05-02T02:13:29.179+02:00 DEBUG 3936 --- [banking-system] [http-nio-8084-exec-1] s.w.s.m.m.a.RequestMappingHandlerMapping : Mapped to com.banking.controllers.CompteBancaireController#getMyAccounts(Authentication)
2026-05-02T02:13:29.534+02:00 DEBUG 3936 --- [banking-system] [http-nio-8084-exec-1] org.hibernate.SQL                        : 
    select
        cb1_0.id,
        cb1_0.balance,
        cb1_0.client_id,
        cb1_0.created_at,
        cb1_0.devise,
        cb1_0.intitule,
        cb1_0.num_compte,
        cb1_0.status,
        cb1_0.updated_at 
    from
        comptes_bancaires cb1_0 
    join
        clients c1_0 
            on c1_0.id=cb1_0.client_id 
    join
        personnes c1_1 
            on c1_0.id=c1_1.id 
    where
        c1_1.email=?
2026-05-02T02:13:29.536+02:00 TRACE 3936 --- [banking-system] [http-nio-8084-exec-1] org.hibernate.orm.jdbc.bind              : binding parameter (1:VARCHAR) <- [ducoins@gmail.com]
2026-05-02T02:13:29.728+02:00 DEBUG 3936 --- [banking-system] [http-nio-8084-exec-1] org.hibernate.SQL                        : 
    select
        cb1_0.id,
        cb1_0.compte_bancaire_id,
        cb1_0.created_at,
        cb1_0.cvv,
        cb1_0.date_expiration,
        cb1_0.est_active,
        cb1_0.numero_carte,
        cb1_0.plafond_journalier,
        cb1_0.plafond_mensuel,
        cb1_0.updated_at 
    from
        cartes_bancaires cb1_0 
    where
        cb1_0.compte_bancaire_id=?
2026-05-02T02:13:29.730+02:00 TRACE 3936 --- [banking-system] [http-nio-8084-exec-1] org.hibernate.orm.jdbc.bind              : binding parameter (1:BIGINT) <- [171]
2026-05-02T02:13:29.785+02:00 DEBUG 3936 --- [banking-system] [http-nio-8084-exec-1] org.hibernate.SQL                        : 
    select
        ce1_0.id,
        ce1_0.compte_bancaire_id,
        ce1_0.derniere_capitalisation,
        ce1_0.num_compte_epargne,
        ce1_0.solde_epargne,
        ce1_0.taux_interet,
        (CASE  
            WHEN (SELECT
                cb.balance FROM
                    comptes_bancaires cb 
                WHERE
                    cb.id = ce1_0.compte_bancaire_id) > 100 
                    THEN 30.00  
                WHEN (SELECT
                    cb.balance FROM
                        comptes_bancaires cb 
                    WHERE
                        cb.id = ce1_0.compte_bancaire_id) < 50  
                        THEN 10.00  
                    ELSE 0.00 
            END) 
        from
            comptes_epargne ce1_0 
        where
            ce1_0.compte_bancaire_id=?
2026-05-02T02:13:29.786+02:00 TRACE 3936 --- [banking-system] [http-nio-8084-exec-1] org.hibernate.orm.jdbc.bind              : binding parameter (1:BIGINT) <- [171]
2026-05-02T02:13:30.066+02:00 DEBUG 3936 --- [banking-system] [http-nio-8084-exec-1] org.hibernate.SQL                        : 
    select
        c1_0.id,
        c1_1.created_at,
        c1_1.email,
        c1_1.mot_de_passe,
        c1_1.nom,
        c1_1.prenom,
        c1_1.role,
        c1_1.updated_at 
    from
        clients c1_0 
    join
        personnes c1_1 
            on c1_0.id=c1_1.id 
    where
        c1_0.id=?
2026-05-02T02:13:30.067+02:00 TRACE 3936 --- [banking-system] [http-nio-8084-exec-1] org.hibernate.orm.jdbc.bind              : binding parameter (1:BIGINT) <- [185]
2026-05-02T02:13:30.094+02:00 DEBUG 3936 --- [banking-system] [http-nio-8084-exec-1] o.s.w.s.m.m.a.HttpEntityMethodProcessor  : Using 'application/json', given [application/json, text/plain, */*] and supported [application/json, application/*+json]
2026-05-02T02:13:30.094+02:00 DEBUG 3936 --- [banking-system] [http-nio-8084-exec-1] o.s.w.s.m.m.a.HttpEntityMethodProcessor  : Writing [[com.banking.dto.response.AccountResponse@59dbbb44]]
2026-05-02T02:13:30.172+02:00 DEBUG 3936 --- [banking-system] [http-nio-8084-exec-1] o.s.web.servlet.DispatcherServlet        : Completed 200 OK
2026-05-02T02:13:30.466+02:00 DEBUG 3936 --- [banking-system] [http-nio-8084-exec-5] o.s.security.web.FilterChainProxy        : Securing GET /api/savings/5146957636285973
2026-05-02T02:13:30.669+02:00 DEBUG 3936 --- [banking-system] [http-nio-8084-exec-5] o.s.security.web.FilterChainProxy        : Secured GET /api/savings/5146957636285973
2026-05-02T02:13:30.669+02:00 DEBUG 3936 --- [banking-system] [http-nio-8084-exec-5] o.s.web.servlet.DispatcherServlet        : GET "/api/savings/5146957636285973", parameters={}
2026-05-02T02:13:30.670+02:00 DEBUG 3936 --- [banking-system] [http-nio-8084-exec-5] s.w.s.m.m.a.RequestMappingHandlerMapping : Mapped to com.banking.controllers.SavingsController#details(String)
2026-05-02T02:13:31.286+02:00 DEBUG 3936 --- [banking-system] [http-nio-8084-exec-5] org.hibernate.SQL                        : 
    select
        ce1_0.id,
        ce1_0.compte_bancaire_id,
        ce1_0.derniere_capitalisation,
        ce1_0.num_compte_epargne,
        ce1_0.solde_epargne,
        ce1_0.taux_interet,
        (CASE  
            WHEN (SELECT
                cb.balance FROM
                    comptes_bancaires cb 
                WHERE
                    cb.id = ce1_0.compte_bancaire_id) > 100 
                    THEN 30.00  
                WHEN (SELECT
                    cb.balance FROM
                        comptes_bancaires cb 
                    WHERE
                        cb.id = ce1_0.compte_bancaire_id) < 50  
                        THEN 10.00  
                    ELSE 0.00 
            END) 
        from
            comptes_epargne ce1_0 
        join
            comptes_bancaires cb1_0 
                on cb1_0.id=ce1_0.compte_bancaire_id 
        where
            cb1_0.num_compte=?
2026-05-02T02:13:31.286+02:00 TRACE 3936 --- [banking-system] [http-nio-8084-exec-5] org.hibernate.orm.jdbc.bind              : binding parameter (1:VARCHAR) <- [5146957636285973]
2026-05-02T02:13:31.425+02:00 DEBUG 3936 --- [banking-system] [http-nio-8084-exec-5] .m.m.a.ExceptionHandlerExceptionResolver : Using @ExceptionHandler com.banking.exceptions.GlobalExceptionHandler#handleGenericException(Exception, HttpServletRequest)
2026-05-02T02:13:31.425+02:00 ERROR 3936 --- [banking-system] [http-nio-8084-exec-5] c.b.exceptions.GlobalExceptionHandler    : Unexpected error on /api/savings/5146957636285973: Épargne introuvable pour le compte 5146957636285973

jakarta.persistence.EntityNotFoundException: Épargne introuvable pour le compte 5146957636285973
	at com.banking.services.impl.CompteEpargneServiceImpl.lambda$getOrThrow$0(CompteEpargneServiceImpl.java:31) ~[classes/:na]
	at java.base/java.util.Optional.orElseThrow(Optional.java:403) ~[na:na]
	at com.banking.services.impl.CompteEpargneServiceImpl.getOrThrow(CompteEpargneServiceImpl.java:31) ~[classes/:na]
	at com.banking.services.impl.CompteEpargneServiceImpl.getDetails(CompteEpargneServiceImpl.java:177) ~[classes/:na]
	at java.base/jdk.internal.reflect.DirectMethodHandleAccessor.invoke(DirectMethodHandleAccessor.java:104) ~[na:na]
	at java.base/java.lang.reflect.Method.invoke(Method.java:578) ~[na:na]
	at org.springframework.aop.support.AopUtils.invokeJoinpointUsingReflection(AopUtils.java:360) ~[spring-aop-6.2.9.jar:6.2.9]
	at org.springframework.aop.framework.ReflectiveMethodInvocation.invokeJoinpoint(ReflectiveMethodInvocation.java:196) ~[spring-aop-6.2.9.jar:6.2.9]
	at org.springframework.aop.framework.ReflectiveMethodInvocation.proceed(ReflectiveMethodInvocation.java:163) ~[spring-aop-6.2.9.jar:6.2.9]
	at org.springframework.transaction.interceptor.TransactionAspectSupport.invokeWithinTransaction(TransactionAspectSupport.java:380) ~[spring-tx-6.2.9.jar:6.2.9]
	at org.springframework.transaction.interceptor.TransactionInterceptor.invoke(TransactionInterceptor.java:119) ~[spring-tx-6.2.9.jar:6.2.9]
	at org.springframework.aop.framework.ReflectiveMethodInvocation.proceed(ReflectiveMethodInvocation.java:184) ~[spring-aop-6.2.9.jar:6.2.9]
	at org.springframework.aop.framework.CglibAopProxy$DynamicAdvisedInterceptor.intercept(CglibAopProxy.java:728) ~[spring-aop-6.2.9.jar:6.2.9]
	at com.banking.services.impl.CompteEpargneServiceImpl$$SpringCGLIB$$0.getDetails(<generated>) ~[classes/:na]
	at com.banking.controllers.SavingsController.details(SavingsController.java:55) ~[classes/:na]
	at java.base/jdk.internal.reflect.DirectMethodHandleAccessor.invoke(DirectMethodHandleAccessor.java:104) ~[na:na]
	at java.base/java.lang.reflect.Method.invoke(Method.java:578) ~[na:na]
	at org.springframework.web.method.support.InvocableHandlerMethod.doInvoke(InvocableHandlerMethod.java:258) ~[spring-web-6.2.9.jar:6.2.9]
	at org.springframework.web.method.support.InvocableHandlerMethod.invokeForRequest(InvocableHandlerMethod.java:191) ~[spring-web-6.2.9.jar:6.2.9]
	at org.springframework.web.servlet.mvc.method.annotation.ServletInvocableHandlerMethod.invokeAndHandle(ServletInvocableHandlerMethod.java:118) ~[spring-webmvc-6.2.9.jar:6.2.9]
	at org.springframework.web.servlet.mvc.method.annotation.RequestMappingHandlerAdapter.invokeHandlerMethod(RequestMappingHandlerAdapter.java:991) ~[spring-webmvc-6.2.9.jar:6.2.9]
	at org.springframework.web.servlet.mvc.method.annotation.RequestMappingHandlerAdapter.handleInternal(RequestMappingHandlerAdapter.java:896) ~[spring-webmvc-6.2.9.jar:6.2.9]
	at org.springframework.web.servlet.mvc.method.AbstractHandlerMethodAdapter.handle(AbstractHandlerMethodAdapter.java:87) ~[spring-webmvc-6.2.9.jar:6.2.9]
	at org.springframework.web.servlet.DispatcherServlet.doDispatch(DispatcherServlet.java:1089) ~[spring-webmvc-6.2.9.jar:6.2.9]
	at org.springframework.web.servlet.DispatcherServlet.doService(DispatcherServlet.java:979) ~[spring-webmvc-6.2.9.jar:6.2.9]
	at org.springframework.web.servlet.FrameworkServlet.processRequest(FrameworkServlet.java:1014) ~[spring-webmvc-6.2.9.jar:6.2.9]
	at org.springframework.web.servlet.FrameworkServlet.doGet(FrameworkServlet.java:903) ~[spring-webmvc-6.2.9.jar:6.2.9]
	at jakarta.servlet.http.HttpServlet.service(HttpServlet.java:564) ~[tomcat-embed-core-10.1.43.jar:6.0]
	at org.springframework.web.servlet.FrameworkServlet.service(FrameworkServlet.java:885) ~[spring-webmvc-6.2.9.jar:6.2.9]
	at jakarta.servlet.http.HttpServlet.service(HttpServlet.java:658) ~[tomcat-embed-core-10.1.43.jar:6.0]
	at org.apache.catalina.core.ApplicationFilterChain.internalDoFilter(ApplicationFilterChain.java:195) ~[tomcat-embed-core-10.1.43.jar:10.1.43]
	at org.apache.catalina.core.ApplicationFilterChain.doFilter(ApplicationFilterChain.java:140) ~[tomcat-embed-core-10.1.43.jar:10.1.43]
	at org.apache.tomcat.websocket.server.WsFilter.doFilter(WsFilter.java:51) ~[tomcat-embed-websocket-10.1.43.jar:10.1.43]
	at org.apache.catalina.core.ApplicationFilterChain.internalDoFilter(ApplicationFilterChain.java:164) ~[tomcat-embed-core-10.1.43.jar:10.1.43]
	at org.apache.catalina.core.ApplicationFilterChain.doFilter(ApplicationFilterChain.java:140) ~[tomcat-embed-core-10.1.43.jar:10.1.43]
	at org.springframework.web.filter.OncePerRequestFilter.doFilter(OncePerRequestFilter.java:110) ~[spring-web-6.2.9.jar:6.2.9]
	at org.apache.catalina.core.ApplicationFilterChain.internalDoFilter(ApplicationFilterChain.java:164) ~[tomcat-embed-core-10.1.43.jar:10.1.43]
	at org.apache.catalina.core.ApplicationFilterChain.doFilter(ApplicationFilterChain.java:140) ~[tomcat-embed-core-10.1.43.jar:10.1.43]
	at org.springframework.web.filter.CompositeFilter$VirtualFilterChain.doFilter(CompositeFilter.java:108) ~[spring-web-6.2.9.jar:6.2.9]
	at org.springframework.security.web.FilterChainProxy.lambda$doFilterInternal$3(FilterChainProxy.java:231) ~[spring-security-web-6.4.8.jar:6.4.8]
	at org.springframework.security.web.ObservationFilterChainDecorator$FilterObservation$SimpleFilterObservation.lambda$wrap$1(ObservationFilterChainDecorator.java:479) ~[spring-security-web-6.4.8.jar:6.4.8]
	at org.springframework.security.web.ObservationFilterChainDecorator$AroundFilterObservation$SimpleAroundFilterObservation.lambda$wrap$1(ObservationFilterChainDecorator.java:340) ~[spring-security-web-6.4.8.jar:6.4.8]
	at org.springframework.security.web.ObservationFilterChainDecorator.lambda$wrapSecured$0(ObservationFilterChainDecorator.java:82) ~[spring-security-web-6.4.8.jar:6.4.8]
	at org.springframework.security.web.ObservationFilterChainDecorator$VirtualFilterChain.doFilter(ObservationFilterChainDecorator.java:128) ~[spring-security-web-6.4.8.jar:6.4.8]
	at org.springframework.security.web.access.intercept.AuthorizationFilter.doFilter(AuthorizationFilter.java:101) ~[spring-security-web-6.4.8.jar:6.4.8]
	at org.springframework.security.web.ObservationFilterChainDecorator$ObservationFilter.wrapFilter(ObservationFilterChainDecorator.java:240) ~[spring-security-web-6.4.8.jar:6.4.8]
	at org.springframework.security.web.ObservationFilterChainDecorator$ObservationFilter.doFilter(ObservationFilterChainDecorator.java:227) ~[spring-security-web-6.4.8.jar:6.4.8]
	at org.springframework.security.web.ObservationFilterChainDecorator$VirtualFilterChain.doFilter(ObservationFilterChainDecorator.java:137) ~[spring-security-web-6.4.8.jar:6.4.8]
	at org.springframework.security.web.access.ExceptionTranslationFilter.doFilter(ExceptionTranslationFilter.java:126) ~[spring-security-web-6.4.8.jar:6.4.8]
	at org.springframework.security.web.access.ExceptionTranslationFilter.doFilter(ExceptionTranslationFilter.java:120) ~[spring-security-web-6.4.8.jar:6.4.8]
	at org.springframework.security.web.ObservationFilterChainDecorator$ObservationFilter.wrapFilter(ObservationFilterChainDecorator.java:240) ~[spring-security-web-6.4.8.jar:6.4.8]
	at org.springframework.security.web.ObservationFilterChainDecorator$ObservationFilter.doFilter(ObservationFilterChainDecorator.java:227) ~[spring-security-web-6.4.8.jar:6.4.8]
	at org.springframework.security.web.ObservationFilterChainDecorator$VirtualFilterChain.doFilter(ObservationFilterChainDecorator.java:137) ~[spring-security-web-6.4.8.jar:6.4.8]
	at org.springframework.security.web.session.SessionManagementFilter.doFilter(SessionManagementFilter.java:131) ~[spring-security-web-6.4.8.jar:6.4.8]
	at org.springframework.security.web.session.SessionManagementFilter.doFilter(SessionManagementFilter.java:85) ~[spring-security-web-6.4.8.jar:6.4.8]
	at org.springframework.security.web.ObservationFilterChainDecorator$ObservationFilter.wrapFilter(ObservationFilterChainDecorator.java:240) ~[spring-security-web-6.4.8.jar:6.4.8]
	at org.springframework.security.web.ObservationFilterChainDecorator$ObservationFilter.doFilter(ObservationFilterChainDecorator.java:227) ~[spring-security-web-6.4.8.jar:6.4.8]
	at org.springframework.security.web.ObservationFilterChainDecorator$VirtualFilterChain.doFilter(ObservationFilterChainDecorator.java:137) ~[spring-security-web-6.4.8.jar:6.4.8]
	at org.springframework.security.web.authentication.AnonymousAuthenticationFilter.doFilter(AnonymousAuthenticationFilter.java:100) ~[spring-security-web-6.4.8.jar:6.4.8]
	at org.springframework.security.web.ObservationFilterChainDecorator$ObservationFilter.wrapFilter(ObservationFilterChainDecorator.java:240) ~[spring-security-web-6.4.8.jar:6.4.8]
	at org.springframework.security.web.ObservationFilterChainDecorator$ObservationFilter.doFilter(ObservationFilterChainDecorator.java:227) ~[spring-security-web-6.4.8.jar:6.4.8]
	at org.springframework.security.web.ObservationFilterChainDecorator$VirtualFilterChain.doFilter(ObservationFilterChainDecorator.java:137) ~[spring-security-web-6.4.8.jar:6.4.8]
	at org.springframework.security.web.servletapi.SecurityContextHolderAwareRequestFilter.doFilter(SecurityContextHolderAwareRequestFilter.java:179) ~[spring-security-web-6.4.8.jar:6.4.8]
	at org.springframework.security.web.ObservationFilterChainDecorator$ObservationFilter.wrapFilter(ObservationFilterChainDecorator.java:240) ~[spring-security-web-6.4.8.jar:6.4.8]
	at org.springframework.security.web.ObservationFilterChainDecorator$ObservationFilter.doFilter(ObservationFilterChainDecorator.java:227) ~[spring-security-web-6.4.8.jar:6.4.8]
	at org.springframework.security.web.ObservationFilterChainDecorator$VirtualFilterChain.doFilter(ObservationFilterChainDecorator.java:137) ~[spring-security-web-6.4.8.jar:6.4.8]
	at org.springframework.security.web.savedrequest.RequestCacheAwareFilter.doFilter(RequestCacheAwareFilter.java:63) ~[spring-security-web-6.4.8.jar:6.4.8]
	at org.springframework.security.web.ObservationFilterChainDecorator$ObservationFilter.wrapFilter(ObservationFilterChainDecorator.java:240) ~[spring-security-web-6.4.8.jar:6.4.8]
	at org.springframework.security.web.ObservationFilterChainDecorator$ObservationFilter.doFilter(ObservationFilterChainDecorator.java:227) ~[spring-security-web-6.4.8.jar:6.4.8]
	at org.springframework.security.web.ObservationFilterChainDecorator$VirtualFilterChain.doFilter(ObservationFilterChainDecorator.java:137) ~[spring-security-web-6.4.8.jar:6.4.8]
	at com.banking.security.jwt.JwtAuthenticationFilter.doFilterInternal(JwtAuthenticationFilter.java:100) ~[classes/:na]
	at org.springframework.web.filter.OncePerRequestFilter.doFilter(OncePerRequestFilter.java:116) ~[spring-web-6.2.9.jar:6.2.9]
	at org.springframework.security.web.ObservationFilterChainDecorator$ObservationFilter.wrapFilter(ObservationFilterChainDecorator.java:240) ~[spring-security-web-6.4.8.jar:6.4.8]
	at org.springframework.security.web.ObservationFilterChainDecorator$ObservationFilter.doFilter(ObservationFilterChainDecorator.java:227) ~[spring-security-web-6.4.8.jar:6.4.8]
	at org.springframework.security.web.ObservationFilterChainDecorator$VirtualFilterChain.doFilter(ObservationFilterChainDecorator.java:137) ~[spring-security-web-6.4.8.jar:6.4.8]
	at org.springframework.security.web.authentication.logout.LogoutFilter.doFilter(LogoutFilter.java:107) ~[spring-security-web-6.4.8.jar:6.4.8]
	at org.springframework.security.web.authentication.logout.LogoutFilter.doFilter(LogoutFilter.java:93) ~[spring-security-web-6.4.8.jar:6.4.8]
	at org.springframework.security.web.ObservationFilterChainDecorator$ObservationFilter.wrapFilter(ObservationFilterChainDecorator.java:240) ~[spring-security-web-6.4.8.jar:6.4.8]
	at org.springframework.security.web.ObservationFilterChainDecorator$ObservationFilter.doFilter(ObservationFilterChainDecorator.java:227) ~[spring-security-web-6.4.8.jar:6.4.8]
	at org.springframework.security.web.ObservationFilterChainDecorator$VirtualFilterChain.doFilter(ObservationFilterChainDecorator.java:137) ~[spring-security-web-6.4.8.jar:6.4.8]
	at org.springframework.web.filter.CorsFilter.doFilterInternal(CorsFilter.java:91) ~[spring-web-6.2.9.jar:6.2.9]
	at org.springframework.web.filter.OncePerRequestFilter.doFilter(OncePerRequestFilter.java:116) ~[spring-web-6.2.9.jar:6.2.9]
	at org.springframework.security.web.ObservationFilterChainDecorator$ObservationFilter.wrapFilter(ObservationFilterChainDecorator.java:240) ~[spring-security-web-6.4.8.jar:6.4.8]
	at org.springframework.security.web.ObservationFilterChainDecorator$ObservationFilter.doFilter(ObservationFilterChainDecorator.java:227) ~[spring-security-web-6.4.8.jar:6.4.8]
	at org.springframework.security.web.ObservationFilterChainDecorator$VirtualFilterChain.doFilter(ObservationFilterChainDecorator.java:137) ~[spring-security-web-6.4.8.jar:6.4.8]
	at org.springframework.security.web.header.HeaderWriterFilter.doHeadersAfter(HeaderWriterFilter.java:90) ~[spring-security-web-6.4.8.jar:6.4.8]
	at org.springframework.security.web.header.HeaderWriterFilter.doFilterInternal(HeaderWriterFilter.java:75) ~[spring-security-web-6.4.8.jar:6.4.8]
	at org.springframework.web.filter.OncePerRequestFilter.doFilter(OncePerRequestFilter.java:116) ~[spring-web-6.2.9.jar:6.2.9]
	at org.springframework.security.web.ObservationFilterChainDecorator$ObservationFilter.wrapFilter(ObservationFilterChainDecorator.java:240) ~[spring-security-web-6.4.8.jar:6.4.8]
	at org.springframework.security.web.ObservationFilterChainDecorator$ObservationFilter.doFilter(ObservationFilterChainDecorator.java:227) ~[spring-security-web-6.4.8.jar:6.4.8]
	at org.springframework.security.web.ObservationFilterChainDecorator$VirtualFilterChain.doFilter(ObservationFilterChainDecorator.java:137) ~[spring-security-web-6.4.8.jar:6.4.8]
	at org.springframework.security.web.context.SecurityContextHolderFilter.doFilter(SecurityContextHolderFilter.java:82) ~[spring-security-web-6.4.8.jar:6.4.8]
	at org.springframework.security.web.context.SecurityContextHolderFilter.doFilter(SecurityContextHolderFilter.java:69) ~[spring-security-web-6.4.8.jar:6.4.8]
	at org.springframework.security.web.ObservationFilterChainDecorator$ObservationFilter.wrapFilter(ObservationFilterChainDecorator.java:240) ~[spring-security-web-6.4.8.jar:6.4.8]
	at org.springframework.security.web.ObservationFilterChainDecorator$ObservationFilter.doFilter(ObservationFilterChainDecorator.java:227) ~[spring-security-web-6.4.8.jar:6.4.8]
	at org.springframework.security.web.ObservationFilterChainDecorator$VirtualFilterChain.doFilter(ObservationFilterChainDecorator.java:137) ~[spring-security-web-6.4.8.jar:6.4.8]
	at org.springframework.security.web.context.request.async.WebAsyncManagerIntegrationFilter.doFilterInternal(WebAsyncManagerIntegrationFilter.java:62) ~[spring-security-web-6.4.8.jar:6.4.8]
	at org.springframework.web.filter.OncePerRequestFilter.doFilter(OncePerRequestFilter.java:116) ~[spring-web-6.2.9.jar:6.2.9]
	at org.springframework.security.web.ObservationFilterChainDecorator$ObservationFilter.wrapFilter(ObservationFilterChainDecorator.java:240) ~[spring-security-web-6.4.8.jar:6.4.8]
	at org.springframework.security.web.ObservationFilterChainDecorator$ObservationFilter.doFilter(ObservationFilterChainDecorator.java:227) ~[spring-security-web-6.4.8.jar:6.4.8]
	at org.springframework.security.web.ObservationFilterChainDecorator$VirtualFilterChain.doFilter(ObservationFilterChainDecorator.java:137) ~[spring-security-web-6.4.8.jar:6.4.8]
	at org.springframework.security.web.session.DisableEncodeUrlFilter.doFilterInternal(DisableEncodeUrlFilter.java:42) ~[spring-security-web-6.4.8.jar:6.4.8]
	at org.springframework.web.filter.OncePerRequestFilter.doFilter(OncePerRequestFilter.java:116) ~[spring-web-6.2.9.jar:6.2.9]
	at org.springframework.security.web.ObservationFilterChainDecorator$ObservationFilter.wrapFilter(ObservationFilterChainDecorator.java:240) ~[spring-security-web-6.4.8.jar:6.4.8]
	at org.springframework.security.web.ObservationFilterChainDecorator$AroundFilterObservation$SimpleAroundFilterObservation.lambda$wrap$0(ObservationFilterChainDecorator.java:323) ~[spring-security-web-6.4.8.jar:6.4.8]
	at org.springframework.security.web.ObservationFilterChainDecorator$ObservationFilter.doFilter(ObservationFilterChainDecorator.java:224) ~[spring-security-web-6.4.8.jar:6.4.8]
	at org.springframework.security.web.ObservationFilterChainDecorator$VirtualFilterChain.doFilter(ObservationFilterChainDecorator.java:137) ~[spring-security-web-6.4.8.jar:6.4.8]
	at org.springframework.security.web.FilterChainProxy.doFilterInternal(FilterChainProxy.java:233) ~[spring-security-web-6.4.8.jar:6.4.8]
	at org.springframework.security.web.FilterChainProxy.doFilter(FilterChainProxy.java:191) ~[spring-security-web-6.4.8.jar:6.4.8]
	at org.springframework.web.filter.CompositeFilter$VirtualFilterChain.doFilter(CompositeFilter.java:113) ~[spring-web-6.2.9.jar:6.2.9]
	at org.springframework.web.servlet.handler.HandlerMappingIntrospector.lambda$createCacheFilter$4(HandlerMappingIntrospector.java:267) ~[spring-webmvc-6.2.9.jar:6.2.9]
	at org.springframework.web.filter.CompositeFilter$VirtualFilterChain.doFilter(CompositeFilter.java:113) ~[spring-web-6.2.9.jar:6.2.9]
	at org.springframework.web.filter.CompositeFilter.doFilter(CompositeFilter.java:74) ~[spring-web-6.2.9.jar:6.2.9]
	at org.springframework.security.config.annotation.web.configuration.WebMvcSecurityConfiguration$CompositeFilterChainProxy.doFilter(WebMvcSecurityConfiguration.java:238) ~[spring-security-config-6.4.8.jar:6.4.8]
	at org.springframework.web.filter.DelegatingFilterProxy.invokeDelegate(DelegatingFilterProxy.java:362) ~[spring-web-6.2.9.jar:6.2.9]
	at org.springframework.web.filter.DelegatingFilterProxy.doFilter(DelegatingFilterProxy.java:278) ~[spring-web-6.2.9.jar:6.2.9]
	at org.apache.catalina.core.ApplicationFilterChain.internalDoFilter(ApplicationFilterChain.java:164) ~[tomcat-embed-core-10.1.43.jar:10.1.43]
	at org.apache.catalina.core.ApplicationFilterChain.doFilter(ApplicationFilterChain.java:140) ~[tomcat-embed-core-10.1.43.jar:10.1.43]
	at org.springframework.web.filter.RequestContextFilter.doFilterInternal(RequestContextFilter.java:100) ~[spring-web-6.2.9.jar:6.2.9]
	at org.springframework.web.filter.OncePerRequestFilter.doFilter(OncePerRequestFilter.java:116) ~[spring-web-6.2.9.jar:6.2.9]
	at org.apache.catalina.core.ApplicationFilterChain.internalDoFilter(ApplicationFilterChain.java:164) ~[tomcat-embed-core-10.1.43.jar:10.1.43]
	at org.apache.catalina.core.ApplicationFilterChain.doFilter(ApplicationFilterChain.java:140) ~[tomcat-embed-core-10.1.43.jar:10.1.43]
	at org.springframework.web.filter.FormContentFilter.doFilterInternal(FormContentFilter.java:93) ~[spring-web-6.2.9.jar:6.2.9]
	at org.springframework.web.filter.OncePerRequestFilter.doFilter(OncePerRequestFilter.java:116) ~[spring-web-6.2.9.jar:6.2.9]
	at org.apache.catalina.core.ApplicationFilterChain.internalDoFilter(ApplicationFilterChain.java:164) ~[tomcat-embed-core-10.1.43.jar:10.1.43]
	at org.apache.catalina.core.ApplicationFilterChain.doFilter(ApplicationFilterChain.java:140) ~[tomcat-embed-core-10.1.43.jar:10.1.43]
	at org.springframework.web.filter.ServerHttpObservationFilter.doFilterInternal(ServerHttpObservationFilter.java:110) ~[spring-web-6.2.9.jar:6.2.9]
	at org.springframework.web.filter.OncePerRequestFilter.doFilter(OncePerRequestFilter.java:116) ~[spring-web-6.2.9.jar:6.2.9]
	at org.apache.catalina.core.ApplicationFilterChain.internalDoFilter(ApplicationFilterChain.java:164) ~[tomcat-embed-core-10.1.43.jar:10.1.43]
	at org.apache.catalina.core.ApplicationFilterChain.doFilter(ApplicationFilterChain.java:140) ~[tomcat-embed-core-10.1.43.jar:10.1.43]
	at org.springframework.web.filter.CharacterEncodingFilter.doFilterInternal(CharacterEncodingFilter.java:201) ~[spring-web-6.2.9.jar:6.2.9]
	at org.springframework.web.filter.OncePerRequestFilter.doFilter(OncePerRequestFilter.java:116) ~[spring-web-6.2.9.jar:6.2.9]
	at org.apache.catalina.core.ApplicationFilterChain.internalDoFilter(ApplicationFilterChain.java:164) ~[tomcat-embed-core-10.1.43.jar:10.1.43]
	at org.apache.catalina.core.ApplicationFilterChain.doFilter(ApplicationFilterChain.java:140) ~[tomcat-embed-core-10.1.43.jar:10.1.43]
	at org.apache.catalina.core.StandardWrapperValve.invoke(StandardWrapperValve.java:167) ~[tomcat-embed-core-10.1.43.jar:10.1.43]
	at org.apache.catalina.core.StandardContextValve.invoke(StandardContextValve.java:90) ~[tomcat-embed-core-10.1.43.jar:10.1.43]
	at org.apache.catalina.authenticator.AuthenticatorBase.invoke(AuthenticatorBase.java:483) ~[tomcat-embed-core-10.1.43.jar:10.1.43]
	at org.apache.catalina.core.StandardHostValve.invoke(StandardHostValve.java:116) ~[tomcat-embed-core-10.1.43.jar:10.1.43]
	at org.apache.catalina.valves.ErrorReportValve.invoke(ErrorReportValve.java:93) ~[tomcat-embed-core-10.1.43.jar:10.1.43]
	at org.apache.catalina.core.StandardEngineValve.invoke(StandardEngineValve.java:74) ~[tomcat-embed-core-10.1.43.jar:10.1.43]
	at org.apache.catalina.connector.CoyoteAdapter.service(CoyoteAdapter.java:344) ~[tomcat-embed-core-10.1.43.jar:10.1.43]
	at org.apache.coyote.http11.Http11Processor.service(Http11Processor.java:398) ~[tomcat-embed-core-10.1.43.jar:10.1.43]
	at org.apache.coyote.AbstractProcessorLight.process(AbstractProcessorLight.java:63) ~[tomcat-embed-core-10.1.43.jar:10.1.43]
	at org.apache.coyote.AbstractProtocol$ConnectionHandler.process(AbstractProtocol.java:903) ~[tomcat-embed-core-10.1.43.jar:10.1.43]
	at org.apache.tomcat.util.net.NioEndpoint$SocketProcessor.doRun(NioEndpoint.java:1769) ~[tomcat-embed-core-10.1.43.jar:10.1.43]
	at org.apache.tomcat.util.net.SocketProcessorBase.run(SocketProcessorBase.java:52) ~[tomcat-embed-core-10.1.43.jar:10.1.43]
	at org.apache.tomcat.util.threads.ThreadPoolExecutor.runWorker(ThreadPoolExecutor.java:1189) ~[tomcat-embed-core-10.1.43.jar:10.1.43]
	at org.apache.tomcat.util.threads.ThreadPoolExecutor$Worker.run(ThreadPoolExecutor.java:658) ~[tomcat-embed-core-10.1.43.jar:10.1.43]
	at org.apache.tomcat.util.threads.TaskThread$WrappingRunnable.run(TaskThread.java:63) ~[tomcat-embed-core-10.1.43.jar:10.1.43]
	at java.base/java.lang.Thread.run(Thread.java:1589) ~[na:na]

2026-05-02T02:13:32.315+02:00 DEBUG 3936 --- [banking-system] [http-nio-8084-exec-5] o.s.w.s.m.m.a.HttpEntityMethodProcessor  : Using 'application/json', given [application/json, text/plain, */*] and supported [application/json, application/*+json]
2026-05-02T02:13:32.348+02:00 DEBUG 3936 --- [banking-system] [http-nio-8084-exec-5] o.s.w.s.m.m.a.HttpEntityMethodProcessor  : Writing [com.banking.exceptions.ApiError@573044dc]
2026-05-02T02:13:32.391+02:00  WARN 3936 --- [banking-system] [http-nio-8084-exec-5] .m.m.a.ExceptionHandlerExceptionResolver : Resolved [jakarta.persistence.EntityNotFoundException: Épargne introuvable pour le compte 5146957636285973]
2026-05-02T02:13:32.392+02:00 DEBUG 3936 --- [banking-system] [http-nio-8084-exec-5] o.s.web.servlet.DispatcherServlet        : Completed 500 INTERNAL_SERVER_ERROR
2026-05-02T02:13:32.562+02:00 DEBUG 3936 --- [banking-system] [http-nio-8084-exec-8] o.s.security.web.FilterChainProxy        : Securing OPTIONS /api/cartes/5146957636285973
2026-05-02T02:13:32.662+02:00 DEBUG 3936 --- [banking-system] [http-nio-8084-exec-4] o.s.security.web.FilterChainProxy        : Securing OPTIONS /api/operations/recent?numCompte=5146957636285973&limit=5
2026-05-02T02:13:32.916+02:00 DEBUG 3936 --- [banking-system] [http-nio-8084-exec-3] o.s.security.web.FilterChainProxy        : Securing GET /api/operations/recent?numCompte=5146957636285973&limit=5
2026-05-02T02:13:32.790+02:00 DEBUG 3936 --- [banking-system] [http-nio-8084-exec-7] o.s.security.web.FilterChainProxy        : Securing GET /api/cartes/5146957636285973
2026-05-02T02:13:33.126+02:00 DEBUG 3936 --- [banking-system] [http-nio-8084-exec-3] o.s.security.web.FilterChainProxy        : Secured GET /api/operations/recent?numCompte=5146957636285973&limit=5
2026-05-02T02:13:33.227+02:00 DEBUG 3936 --- [banking-system] [http-nio-8084-exec-3] o.s.web.servlet.DispatcherServlet        : GET "/api/operations/recent?numCompte=5146957636285973&limit=5", parameters={masked}
2026-05-02T02:13:33.238+02:00 DEBUG 3936 --- [banking-system] [http-nio-8084-exec-3] o.s.w.s.handler.SimpleUrlHandlerMapping  : Mapped to ResourceHttpRequestHandler [classpath [META-INF/resources/], classpath [resources/], classpath [static/], classpath [public/], ServletContext [/]]
2026-05-02T02:13:33.343+02:00 DEBUG 3936 --- [banking-system] [http-nio-8084-exec-3] o.s.w.s.r.ResourceHttpRequestHandler     : Resource not found
2026-05-02T02:13:33.343+02:00 DEBUG 3936 --- [banking-system] [http-nio-8084-exec-3] .m.m.a.ExceptionHandlerExceptionResolver : Using @ExceptionHandler com.banking.exceptions.GlobalExceptionHandler#handleGenericException(Exception, HttpServletRequest)
2026-05-02T02:13:33.344+02:00 ERROR 3936 --- [banking-system] [http-nio-8084-exec-3] c.b.exceptions.GlobalExceptionHandler    : Unexpected error on /api/operations/recent: No static resource api/operations/recent.

org.springframework.web.servlet.resource.NoResourceFoundException: No static resource api/operations/recent.
	at org.springframework.web.servlet.resource.ResourceHttpRequestHandler.handleRequest(ResourceHttpRequestHandler.java:585) ~[spring-webmvc-6.2.9.jar:6.2.9]
	at org.springframework.web.servlet.mvc.HttpRequestHandlerAdapter.handle(HttpRequestHandlerAdapter.java:52) ~[spring-webmvc-6.2.9.jar:6.2.9]
	at org.springframework.web.servlet.DispatcherServlet.doDispatch(DispatcherServlet.java:1089) ~[spring-webmvc-6.2.9.jar:6.2.9]
	at org.springframework.web.servlet.DispatcherServlet.doService(DispatcherServlet.java:979) ~[spring-webmvc-6.2.9.jar:6.2.9]
	at org.springframework.web.servlet.FrameworkServlet.processRequest(FrameworkServlet.java:1014) ~[spring-webmvc-6.2.9.jar:6.2.9]
	at org.springframework.web.servlet.FrameworkServlet.doGet(FrameworkServlet.java:903) ~[spring-webmvc-6.2.9.jar:6.2.9]
	at jakarta.servlet.http.HttpServlet.service(HttpServlet.java:564) ~[tomcat-embed-core-10.1.43.jar:6.0]
	at org.springframework.web.servlet.FrameworkServlet.service(FrameworkServlet.java:885) ~[spring-webmvc-6.2.9.jar:6.2.9]
	at jakarta.servlet.http.HttpServlet.service(HttpServlet.java:658) ~[tomcat-embed-core-10.1.43.jar:6.0]
	at org.apache.catalina.core.ApplicationFilterChain.internalDoFilter(ApplicationFilterChain.java:195) ~[tomcat-embed-core-10.1.43.jar:10.1.43]
	at org.apache.catalina.core.ApplicationFilterChain.doFilter(ApplicationFilterChain.java:140) ~[tomcat-embed-core-10.1.43.jar:10.1.43]
	at org.apache.tomcat.websocket.server.WsFilter.doFilter(WsFilter.java:51) ~[tomcat-embed-websocket-10.1.43.jar:10.1.43]
	at org.apache.catalina.core.ApplicationFilterChain.internalDoFilter(ApplicationFilterChain.java:164) ~[tomcat-embed-core-10.1.43.jar:10.1.43]
	at org.apache.catalina.core.ApplicationFilterChain.doFilter(ApplicationFilterChain.java:140) ~[tomcat-embed-core-10.1.43.jar:10.1.43]
	at org.springframework.web.filter.OncePerRequestFilter.doFilter(OncePerRequestFilter.java:110) ~[spring-web-6.2.9.jar:6.2.9]
	at org.apache.catalina.core.ApplicationFilterChain.internalDoFilter(ApplicationFilterChain.java:164) ~[tomcat-embed-core-10.1.43.jar:10.1.43]
	at org.apache.catalina.core.ApplicationFilterChain.doFilter(ApplicationFilterChain.java:140) ~[tomcat-embed-core-10.1.43.jar:10.1.43]
	at org.springframework.web.filter.CompositeFilter$VirtualFilterChain.doFilter(CompositeFilter.java:108) ~[spring-web-6.2.9.jar:6.2.9]
	at org.springframework.security.web.FilterChainProxy.lambda$doFilterInternal$3(FilterChainProxy.java:231) ~[spring-security-web-6.4.8.jar:6.4.8]
	at org.springframework.security.web.ObservationFilterChainDecorator$FilterObservation$SimpleFilterObservation.lambda$wrap$1(ObservationFilterChainDecorator.java:479) ~[spring-security-web-6.4.8.jar:6.4.8]
	at org.springframework.security.web.ObservationFilterChainDecorator$AroundFilterObservation$SimpleAroundFilterObservation.lambda$wrap$1(ObservationFilterChainDecorator.java:340) ~[spring-security-web-6.4.8.jar:6.4.8]
	at org.springframework.security.web.ObservationFilterChainDecorator.lambda$wrapSecured$0(ObservationFilterChainDecorator.java:82) ~[spring-security-web-6.4.8.jar:6.4.8]
	at org.springframework.security.web.ObservationFilterChainDecorator$VirtualFilterChain.doFilter(ObservationFilterChainDecorator.java:128) ~[spring-security-web-6.4.8.jar:6.4.8]
	at org.springframework.security.web.access.intercept.AuthorizationFilter.doFilter(AuthorizationFilter.java:101) ~[spring-security-web-6.4.8.jar:6.4.8]
	at org.springframework.security.web.ObservationFilterChainDecorator$ObservationFilter.wrapFilter(ObservationFilterChainDecorator.java:240) ~[spring-security-web-6.4.8.jar:6.4.8]
	at org.springframework.security.web.ObservationFilterChainDecorator$ObservationFilter.doFilter(ObservationFilterChainDecorator.java:227) ~[spring-security-web-6.4.8.jar:6.4.8]
	at org.springframework.security.web.ObservationFilterChainDecorator$VirtualFilterChain.doFilter(ObservationFilterChainDecorator.java:137) ~[spring-security-web-6.4.8.jar:6.4.8]
	at org.springframework.security.web.access.ExceptionTranslationFilter.doFilter(ExceptionTranslationFilter.java:126) ~[spring-security-web-6.4.8.jar:6.4.8]
	at org.springframework.security.web.access.ExceptionTranslationFilter.doFilter(ExceptionTranslationFilter.java:120) ~[spring-security-web-6.4.8.jar:6.4.8]
	at org.springframework.security.web.ObservationFilterChainDecorator$ObservationFilter.wrapFilter(ObservationFilterChainDecorator.java:240) ~[spring-security-web-6.4.8.jar:6.4.8]
	at org.springframework.security.web.ObservationFilterChainDecorator$ObservationFilter.doFilter(ObservationFilterChainDecorator.java:227) ~[spring-security-web-6.4.8.jar:6.4.8]
	at org.springframework.security.web.ObservationFilterChainDecorator$VirtualFilterChain.doFilter(ObservationFilterChainDecorator.java:137) ~[spring-security-web-6.4.8.jar:6.4.8]
	at org.springframework.security.web.session.SessionManagementFilter.doFilter(SessionManagementFilter.java:131) ~[spring-security-web-6.4.8.jar:6.4.8]
	at org.springframework.security.web.session.SessionManagementFilter.doFilter(SessionManagementFilter.java:85) ~[spring-security-web-6.4.8.jar:6.4.8]
	at org.springframework.security.web.ObservationFilterChainDecorator$ObservationFilter.wrapFilter(ObservationFilterChainDecorator.java:240) ~[spring-security-web-6.4.8.jar:6.4.8]
	at org.springframework.security.web.ObservationFilterChainDecorator$ObservationFilter.doFilter(ObservationFilterChainDecorator.java:227) ~[spring-security-web-6.4.8.jar:6.4.8]
	at org.springframework.security.web.ObservationFilterChainDecorator$VirtualFilterChain.doFilter(ObservationFilterChainDecorator.java:137) ~[spring-security-web-6.4.8.jar:6.4.8]
	at org.springframework.security.web.authentication.AnonymousAuthenticationFilter.doFilter(AnonymousAuthenticationFilter.java:100) ~[spring-security-web-6.4.8.jar:6.4.8]
	at org.springframework.security.web.ObservationFilterChainDecorator$ObservationFilter.wrapFilter(ObservationFilterChainDecorator.java:240) ~[spring-security-web-6.4.8.jar:6.4.8]
	at org.springframework.security.web.ObservationFilterChainDecorator$ObservationFilter.doFilter(ObservationFilterChainDecorator.java:227) ~[spring-security-web-6.4.8.jar:6.4.8]
	at org.springframework.security.web.ObservationFilterChainDecorator$VirtualFilterChain.doFilter(ObservationFilterChainDecorator.java:137) ~[spring-security-web-6.4.8.jar:6.4.8]
	at org.springframework.security.web.servletapi.SecurityContextHolderAwareRequestFilter.doFilter(SecurityContextHolderAwareRequestFilter.java:179) ~[spring-security-web-6.4.8.jar:6.4.8]
	at org.springframework.security.web.ObservationFilterChainDecorator$ObservationFilter.wrapFilter(ObservationFilterChainDecorator.java:240) ~[spring-security-web-6.4.8.jar:6.4.8]
	at org.springframework.security.web.ObservationFilterChainDecorator$ObservationFilter.doFilter(ObservationFilterChainDecorator.java:227) ~[spring-security-web-6.4.8.jar:6.4.8]
	at org.springframework.security.web.ObservationFilterChainDecorator$VirtualFilterChain.doFilter(ObservationFilterChainDecorator.java:137) ~[spring-security-web-6.4.8.jar:6.4.8]
	at org.springframework.security.web.savedrequest.RequestCacheAwareFilter.doFilter(RequestCacheAwareFilter.java:63) ~[spring-security-web-6.4.8.jar:6.4.8]
	at org.springframework.security.web.ObservationFilterChainDecorator$ObservationFilter.wrapFilter(ObservationFilterChainDecorator.java:240) ~[spring-security-web-6.4.8.jar:6.4.8]
	at org.springframework.security.web.ObservationFilterChainDecorator$ObservationFilter.doFilter(ObservationFilterChainDecorator.java:227) ~[spring-security-web-6.4.8.jar:6.4.8]
	at org.springframework.security.web.ObservationFilterChainDecorator$VirtualFilterChain.doFilter(ObservationFilterChainDecorator.java:137) ~[spring-security-web-6.4.8.jar:6.4.8]
	at com.banking.security.jwt.JwtAuthenticationFilter.doFilterInternal(JwtAuthenticationFilter.java:100) ~[classes/:na]
	at org.springframework.web.filter.OncePerRequestFilter.doFilter(OncePerRequestFilter.java:116) ~[spring-web-6.2.9.jar:6.2.9]
	at org.springframework.security.web.ObservationFilterChainDecorator$ObservationFilter.wrapFilter(ObservationFilterChainDecorator.java:240) ~[spring-security-web-6.4.8.jar:6.4.8]
	at org.springframework.security.web.ObservationFilterChainDecorator$ObservationFilter.doFilter(ObservationFilterChainDecorator.java:227) ~[spring-security-web-6.4.8.jar:6.4.8]
	at org.springframework.security.web.ObservationFilterChainDecorator$VirtualFilterChain.doFilter(ObservationFilterChainDecorator.java:137) ~[spring-security-web-6.4.8.jar:6.4.8]
	at org.springframework.security.web.authentication.logout.LogoutFilter.doFilter(LogoutFilter.java:107) ~[spring-security-web-6.4.8.jar:6.4.8]
	at org.springframework.security.web.authentication.logout.LogoutFilter.doFilter(LogoutFilter.java:93) ~[spring-security-web-6.4.8.jar:6.4.8]
	at org.springframework.security.web.ObservationFilterChainDecorator$ObservationFilter.wrapFilter(ObservationFilterChainDecorator.java:240) ~[spring-security-web-6.4.8.jar:6.4.8]
	at org.springframework.security.web.ObservationFilterChainDecorator$ObservationFilter.doFilter(ObservationFilterChainDecorator.java:227) ~[spring-security-web-6.4.8.jar:6.4.8]
	at org.springframework.security.web.ObservationFilterChainDecorator$VirtualFilterChain.doFilter(ObservationFilterChainDecorator.java:137) ~[spring-security-web-6.4.8.jar:6.4.8]
	at org.springframework.web.filter.CorsFilter.doFilterInternal(CorsFilter.java:91) ~[spring-web-6.2.9.jar:6.2.9]
	at org.springframework.web.filter.OncePerRequestFilter.doFilter(OncePerRequestFilter.java:116) ~[spring-web-6.2.9.jar:6.2.9]
	at org.springframework.security.web.ObservationFilterChainDecorator$ObservationFilter.wrapFilter(ObservationFilterChainDecorator.java:240) ~[spring-security-web-6.4.8.jar:6.4.8]
	at org.springframework.security.web.ObservationFilterChainDecorator$ObservationFilter.doFilter(ObservationFilterChainDecorator.java:227) ~[spring-security-web-6.4.8.jar:6.4.8]
	at org.springframework.security.web.ObservationFilterChainDecorator$VirtualFilterChain.doFilter(ObservationFilterChainDecorator.java:137) ~[spring-security-web-6.4.8.jar:6.4.8]
	at org.springframework.security.web.header.HeaderWriterFilter.doHeadersAfter(HeaderWriterFilter.java:90) ~[spring-security-web-6.4.8.jar:6.4.8]
	at org.springframework.security.web.header.HeaderWriterFilter.doFilterInternal(HeaderWriterFilter.java:75) ~[spring-security-web-6.4.8.jar:6.4.8]
	at org.springframework.web.filter.OncePerRequestFilter.doFilter(OncePerRequestFilter.java:116) ~[spring-web-6.2.9.jar:6.2.9]
	at org.springframework.security.web.ObservationFilterChainDecorator$ObservationFilter.wrapFilter(ObservationFilterChainDecorator.java:240) ~[spring-security-web-6.4.8.jar:6.4.8]
	at org.springframework.security.web.ObservationFilterChainDecorator$ObservationFilter.doFilter(ObservationFilterChainDecorator.java:227) ~[spring-security-web-6.4.8.jar:6.4.8]
	at org.springframework.security.web.ObservationFilterChainDecorator$VirtualFilterChain.doFilter(ObservationFilterChainDecorator.java:137) ~[spring-security-web-6.4.8.jar:6.4.8]
	at org.springframework.security.web.context.SecurityContextHolderFilter.doFilter(SecurityContextHolderFilter.java:82) ~[spring-security-web-6.4.8.jar:6.4.8]
	at org.springframework.security.web.context.SecurityContextHolderFilter.doFilter(SecurityContextHolderFilter.java:69) ~[spring-security-web-6.4.8.jar:6.4.8]
	at org.springframework.security.web.ObservationFilterChainDecorator$ObservationFilter.wrapFilter(ObservationFilterChainDecorator.java:240) ~[spring-security-web-6.4.8.jar:6.4.8]
	at org.springframework.security.web.ObservationFilterChainDecorator$ObservationFilter.doFilter(ObservationFilterChainDecorator.java:227) ~[spring-security-web-6.4.8.jar:6.4.8]
	at org.springframework.security.web.ObservationFilterChainDecorator$VirtualFilterChain.doFilter(ObservationFilterChainDecorator.java:137) ~[spring-security-web-6.4.8.jar:6.4.8]
	at org.springframework.security.web.context.request.async.WebAsyncManagerIntegrationFilter.doFilterInternal(WebAsyncManagerIntegrationFilter.java:62) ~[spring-security-web-6.4.8.jar:6.4.8]
	at org.springframework.web.filter.OncePerRequestFilter.doFilter(OncePerRequestFilter.java:116) ~[spring-web-6.2.9.jar:6.2.9]
	at org.springframework.security.web.ObservationFilterChainDecorator$ObservationFilter.wrapFilter(ObservationFilterChainDecorator.java:240) ~[spring-security-web-6.4.8.jar:6.4.8]
	at org.springframework.security.web.ObservationFilterChainDecorator$ObservationFilter.doFilter(ObservationFilterChainDecorator.java:227) ~[spring-security-web-6.4.8.jar:6.4.8]
	at org.springframework.security.web.ObservationFilterChainDecorator$VirtualFilterChain.doFilter(ObservationFilterChainDecorator.java:137) ~[spring-security-web-6.4.8.jar:6.4.8]
	at org.springframework.security.web.session.DisableEncodeUrlFilter.doFilterInternal(DisableEncodeUrlFilter.java:42) ~[spring-security-web-6.4.8.jar:6.4.8]
	at org.springframework.web.filter.OncePerRequestFilter.doFilter(OncePerRequestFilter.java:116) ~[spring-web-6.2.9.jar:6.2.9]
	at org.springframework.security.web.ObservationFilterChainDecorator$ObservationFilter.wrapFilter(ObservationFilterChainDecorator.java:240) ~[spring-security-web-6.4.8.jar:6.4.8]
	at org.springframework.security.web.ObservationFilterChainDecorator$AroundFilterObservation$SimpleAroundFilterObservation.lambda$wrap$0(ObservationFilterChainDecorator.java:323) ~[spring-security-web-6.4.8.jar:6.4.8]
	at org.springframework.security.web.ObservationFilterChainDecorator$ObservationFilter.doFilter(ObservationFilterChainDecorator.java:224) ~[spring-security-web-6.4.8.jar:6.4.8]
	at org.springframework.security.web.ObservationFilterChainDecorator$VirtualFilterChain.doFilter(ObservationFilterChainDecorator.java:137) ~[spring-security-web-6.4.8.jar:6.4.8]
	at org.springframework.security.web.FilterChainProxy.doFilterInternal(FilterChainProxy.java:233) ~[spring-security-web-6.4.8.jar:6.4.8]
	at org.springframework.security.web.FilterChainProxy.doFilter(FilterChainProxy.java:191) ~[spring-security-web-6.4.8.jar:6.4.8]
	at org.springframework.web.filter.CompositeFilter$VirtualFilterChain.doFilter(CompositeFilter.java:113) ~[spring-web-6.2.9.jar:6.2.9]
	at org.springframework.web.servlet.handler.HandlerMappingIntrospector.lambda$createCacheFilter$4(HandlerMappingIntrospector.java:267) ~[spring-webmvc-6.2.9.jar:6.2.9]
	at org.springframework.web.filter.CompositeFilter$VirtualFilterChain.doFilter(CompositeFilter.java:113) ~[spring-web-6.2.9.jar:6.2.9]
	at org.springframework.web.filter.CompositeFilter.doFilter(CompositeFilter.java:74) ~[spring-web-6.2.9.jar:6.2.9]
	at org.springframework.security.config.annotation.web.configuration.WebMvcSecurityConfiguration$CompositeFilterChainProxy.doFilter(WebMvcSecurityConfiguration.java:238) ~[spring-security-config-6.4.8.jar:6.4.8]
	at org.springframework.web.filter.DelegatingFilterProxy.invokeDelegate(DelegatingFilterProxy.java:362) ~[spring-web-6.2.9.jar:6.2.9]
	at org.springframework.web.filter.DelegatingFilterProxy.doFilter(DelegatingFilterProxy.java:278) ~[spring-web-6.2.9.jar:6.2.9]
	at org.apache.catalina.core.ApplicationFilterChain.internalDoFilter(ApplicationFilterChain.java:164) ~[tomcat-embed-core-10.1.43.jar:10.1.43]
	at org.apache.catalina.core.ApplicationFilterChain.doFilter(ApplicationFilterChain.java:140) ~[tomcat-embed-core-10.1.43.jar:10.1.43]
	at org.springframework.web.filter.RequestContextFilter.doFilterInternal(RequestContextFilter.java:100) ~[spring-web-6.2.9.jar:6.2.9]
	at org.springframework.web.filter.OncePerRequestFilter.doFilter(OncePerRequestFilter.java:116) ~[spring-web-6.2.9.jar:6.2.9]
	at org.apache.catalina.core.ApplicationFilterChain.internalDoFilter(ApplicationFilterChain.java:164) ~[tomcat-embed-core-10.1.43.jar:10.1.43]
	at org.apache.catalina.core.ApplicationFilterChain.doFilter(ApplicationFilterChain.java:140) ~[tomcat-embed-core-10.1.43.jar:10.1.43]
	at org.springframework.web.filter.FormContentFilter.doFilterInternal(FormContentFilter.java:93) ~[spring-web-6.2.9.jar:6.2.9]
	at org.springframework.web.filter.OncePerRequestFilter.doFilter(OncePerRequestFilter.java:116) ~[spring-web-6.2.9.jar:6.2.9]
	at org.apache.catalina.core.ApplicationFilterChain.internalDoFilter(ApplicationFilterChain.java:164) ~[tomcat-embed-core-10.1.43.jar:10.1.43]
	at org.apache.catalina.core.ApplicationFilterChain.doFilter(ApplicationFilterChain.java:140) ~[tomcat-embed-core-10.1.43.jar:10.1.43]
	at org.springframework.web.filter.ServerHttpObservationFilter.doFilterInternal(ServerHttpObservationFilter.java:110) ~[spring-web-6.2.9.jar:6.2.9]
	at org.springframework.web.filter.OncePerRequestFilter.doFilter(OncePerRequestFilter.java:116) ~[spring-web-6.2.9.jar:6.2.9]
	at org.apache.catalina.core.ApplicationFilterChain.internalDoFilter(ApplicationFilterChain.java:164) ~[tomcat-embed-core-10.1.43.jar:10.1.43]
	at org.apache.catalina.core.ApplicationFilterChain.doFilter(ApplicationFilterChain.java:140) ~[tomcat-embed-core-10.1.43.jar:10.1.43]
	at org.springframework.web.filter.CharacterEncodingFilter.doFilterInternal(CharacterEncodingFilter.java:201) ~[spring-web-6.2.9.jar:6.2.9]
	at org.springframework.web.filter.OncePerRequestFilter.doFilter(OncePerRequestFilter.java:116) ~[spring-web-6.2.9.jar:6.2.9]
	at org.apache.catalina.core.ApplicationFilterChain.internalDoFilter(ApplicationFilterChain.java:164) ~[tomcat-embed-core-10.1.43.jar:10.1.43]
	at org.apache.catalina.core.ApplicationFilterChain.doFilter(ApplicationFilterChain.java:140) ~[tomcat-embed-core-10.1.43.jar:10.1.43]
	at org.apache.catalina.core.StandardWrapperValve.invoke(StandardWrapperValve.java:167) ~[tomcat-embed-core-10.1.43.jar:10.1.43]
	at org.apache.catalina.core.StandardContextValve.invoke(StandardContextValve.java:90) ~[tomcat-embed-core-10.1.43.jar:10.1.43]
	at org.apache.catalina.authenticator.AuthenticatorBase.invoke(AuthenticatorBase.java:483) ~[tomcat-embed-core-10.1.43.jar:10.1.43]
	at org.apache.catalina.core.StandardHostValve.invoke(StandardHostValve.java:116) ~[tomcat-embed-core-10.1.43.jar:10.1.43]
	at org.apache.catalina.valves.ErrorReportValve.invoke(ErrorReportValve.java:93) ~[tomcat-embed-core-10.1.43.jar:10.1.43]
	at org.apache.catalina.core.StandardEngineValve.invoke(StandardEngineValve.java:74) ~[tomcat-embed-core-10.1.43.jar:10.1.43]
	at org.apache.catalina.connector.CoyoteAdapter.service(CoyoteAdapter.java:344) ~[tomcat-embed-core-10.1.43.jar:10.1.43]
	at org.apache.coyote.http11.Http11Processor.service(Http11Processor.java:398) ~[tomcat-embed-core-10.1.43.jar:10.1.43]
	at org.apache.coyote.AbstractProcessorLight.process(AbstractProcessorLight.java:63) ~[tomcat-embed-core-10.1.43.jar:10.1.43]
	at org.apache.coyote.AbstractProtocol$ConnectionHandler.process(AbstractProtocol.java:903) ~[tomcat-embed-core-10.1.43.jar:10.1.43]
	at org.apache.tomcat.util.net.NioEndpoint$SocketProcessor.doRun(NioEndpoint.java:1769) ~[tomcat-embed-core-10.1.43.jar:10.1.43]
	at org.apache.tomcat.util.net.SocketProcessorBase.run(SocketProcessorBase.java:52) ~[tomcat-embed-core-10.1.43.jar:10.1.43]
	at org.apache.tomcat.util.threads.ThreadPoolExecutor.runWorker(ThreadPoolExecutor.java:1189) ~[tomcat-embed-core-10.1.43.jar:10.1.43]
	at org.apache.tomcat.util.threads.ThreadPoolExecutor$Worker.run(ThreadPoolExecutor.java:658) ~[tomcat-embed-core-10.1.43.jar:10.1.43]
	at org.apache.tomcat.util.threads.TaskThread$WrappingRunnable.run(TaskThread.java:63) ~[tomcat-embed-core-10.1.43.jar:10.1.43]
	at java.base/java.lang.Thread.run(Thread.java:1589) ~[na:na]

2026-05-02T02:13:33.360+02:00 DEBUG 3936 --- [banking-system] [http-nio-8084-exec-3] o.s.w.s.m.m.a.HttpEntityMethodProcessor  : Using 'application/json', given [application/json, text/plain, */*] and supported [application/json, application/*+json]
2026-05-02T02:13:33.360+02:00 DEBUG 3936 --- [banking-system] [http-nio-8084-exec-3] o.s.w.s.m.m.a.HttpEntityMethodProcessor  : Writing [com.banking.exceptions.ApiError@4baccfc8]
2026-05-02T02:13:33.362+02:00  WARN 3936 --- [banking-system] [http-nio-8084-exec-3] .m.m.a.ExceptionHandlerExceptionResolver : Resolved [org.springframework.web.servlet.resource.NoResourceFoundException: No static resource api/operations/recent.]
2026-05-02T02:13:33.362+02:00 DEBUG 3936 --- [banking-system] [http-nio-8084-exec-3] o.s.web.servlet.DispatcherServlet        : Completed 500 INTERNAL_SERVER_ERROR
2026-05-02T02:13:33.472+02:00 DEBUG 3936 --- [banking-system] [http-nio-8084-exec-7] o.s.security.web.FilterChainProxy        : Secured GET /api/cartes/5146957636285973
2026-05-02T02:13:33.472+02:00 DEBUG 3936 --- [banking-system] [http-nio-8084-exec-7] o.s.web.servlet.DispatcherServlet        : GET "/api/cartes/5146957636285973", parameters={}
2026-05-02T02:13:33.473+02:00 DEBUG 3936 --- [banking-system] [http-nio-8084-exec-7] s.w.s.m.m.a.RequestMappingHandlerMapping : Mapped to com.banking.controllers.CarteBancaireController#getByCompte(String)
2026-05-02T02:13:33.538+02:00 DEBUG 3936 --- [banking-system] [http-nio-8084-exec-7] org.hibernate.SQL                        : 
    select
        cb1_0.id,
        cb1_0.balance,
        cb1_0.client_id,
        cb1_0.created_at,
        cb1_0.devise,
        cb1_0.intitule,
        cb1_0.num_compte,
        cb1_0.status,
        cb1_0.updated_at 
    from
        comptes_bancaires cb1_0 
    where
        cb1_0.num_compte=?
2026-05-02T02:13:33.538+02:00 TRACE 3936 --- [banking-system] [http-nio-8084-exec-7] org.hibernate.orm.jdbc.bind              : binding parameter (1:VARCHAR) <- [5146957636285973]
2026-05-02T02:13:33.552+02:00 DEBUG 3936 --- [banking-system] [http-nio-8084-exec-7] org.hibernate.SQL                        : 
    select
        cb1_0.id,
        cb1_0.compte_bancaire_id,
        cb1_0.created_at,
        cb1_0.cvv,
        cb1_0.date_expiration,
        cb1_0.est_active,
        cb1_0.numero_carte,
        cb1_0.plafond_journalier,
        cb1_0.plafond_mensuel,
        cb1_0.updated_at 
    from
        cartes_bancaires cb1_0 
    where
        cb1_0.compte_bancaire_id=?
2026-05-02T02:13:33.555+02:00 TRACE 3936 --- [banking-system] [http-nio-8084-exec-7] org.hibernate.orm.jdbc.bind              : binding parameter (1:BIGINT) <- [171]
2026-05-02T02:13:33.565+02:00 DEBUG 3936 --- [banking-system] [http-nio-8084-exec-7] org.hibernate.SQL                        : 
    select
        ce1_0.id,
        ce1_0.compte_bancaire_id,
        ce1_0.derniere_capitalisation,
        ce1_0.num_compte_epargne,
        ce1_0.solde_epargne,
        ce1_0.taux_interet,
        (CASE  
            WHEN (SELECT
                cb.balance FROM
                    comptes_bancaires cb 
                WHERE
                    cb.id = ce1_0.compte_bancaire_id) > 100 
                    THEN 30.00  
                WHEN (SELECT
                    cb.balance FROM
                        comptes_bancaires cb 
                    WHERE
                        cb.id = ce1_0.compte_bancaire_id) < 50  
                        THEN 10.00  
                    ELSE 0.00 
            END) 
        from
            comptes_epargne ce1_0 
        where
            ce1_0.compte_bancaire_id=?
2026-05-02T02:13:33.566+02:00 TRACE 3936 --- [banking-system] [http-nio-8084-exec-7] org.hibernate.orm.jdbc.bind              : binding parameter (1:BIGINT) <- [171]
2026-05-02T02:13:33.757+02:00 DEBUG 3936 --- [banking-system] [http-nio-8084-exec-7] org.hibernate.SQL                        : 
    select
        cb1_0.id,
        cb1_0.compte_bancaire_id,
        cb1_0.created_at,
        cb1_0.cvv,
        cb1_0.date_expiration,
        cb1_0.est_active,
        cb1_0.numero_carte,
        cb1_0.plafond_journalier,
        cb1_0.plafond_mensuel,
        cb1_0.updated_at 
    from
        cartes_bancaires cb1_0 
    where
        cb1_0.compte_bancaire_id=?
2026-05-02T02:13:33.761+02:00 TRACE 3936 --- [banking-system] [http-nio-8084-exec-7] org.hibernate.orm.jdbc.bind              : binding parameter (1:BIGINT) <- [171]
2026-05-02T02:13:33.785+02:00 DEBUG 3936 --- [banking-system] [http-nio-8084-exec-7] .m.m.a.ExceptionHandlerExceptionResolver : Using @ExceptionHandler com.banking.exceptions.GlobalExceptionHandler#handleBusinessExceptions(RuntimeException, HttpServletRequest)
2026-05-02T02:13:33.785+02:00 ERROR 3936 --- [banking-system] [http-nio-8084-exec-7] c.b.exceptions.GlobalExceptionHandler    : Business error on /api/cartes/5146957636285973: Aucune carte associée au compte 5146957636285973
2026-05-02T02:13:33.786+02:00 DEBUG 3936 --- [banking-system] [http-nio-8084-exec-7] o.s.w.s.m.m.a.HttpEntityMethodProcessor  : Using 'application/json', given [application/json, text/plain, */*] and supported [application/json, application/*+json]
2026-05-02T02:13:33.786+02:00 DEBUG 3936 --- [banking-system] [http-nio-8084-exec-7] o.s.w.s.m.m.a.HttpEntityMethodProcessor  : Writing [com.banking.exceptions.ApiError@4757dd0b]
2026-05-02T02:13:33.788+02:00  WARN 3936 --- [banking-system] [http-nio-8084-exec-7] .m.m.a.ExceptionHandlerExceptionResolver : Resolved [com.banking.exceptions.ResourceNotFoundException: Aucune carte associée au compte 5146957636285973]
2026-05-02T02:13:33.788+02:00 DEBUG 3936 --- [banking-system] [http-nio-8084-exec-7] o.s.web.servlet.DispatcherServlet        : Completed 400 BAD_REQUEST
2026-05-02T02:31:49.747+02:00 DEBUG 3936 --- [banking-system] [http-nio-8084-exec-6] o.s.security.web.FilterChainProxy        : Securing POST /api/auth/login
2026-05-02T02:31:49.930+02:00 DEBUG 3936 --- [banking-system] [http-nio-8084-exec-6] o.s.s.w.a.AnonymousAuthenticationFilter  : Set SecurityContextHolder to anonymous SecurityContext
2026-05-02T02:31:49.997+02:00 DEBUG 3936 --- [banking-system] [http-nio-8084-exec-6] o.s.security.web.FilterChainProxy        : Secured POST /api/auth/login
2026-05-02T02:31:50.130+02:00 DEBUG 3936 --- [banking-system] [http-nio-8084-exec-6] o.s.web.servlet.DispatcherServlet        : POST "/api/auth/login", parameters={}
2026-05-02T02:31:50.143+02:00 DEBUG 3936 --- [banking-system] [http-nio-8084-exec-6] s.w.s.m.m.a.RequestMappingHandlerMapping : Mapped to com.banking.controllers.AuthController#login(LoginRequest)
2026-05-02T02:31:52.099+02:00 DEBUG 3936 --- [banking-system] [http-nio-8084-exec-6] m.m.a.RequestResponseBodyMethodProcessor : Read "application/json;charset=UTF-8" to [com.banking.dto.request.LoginRequest@62e30051]
2026-05-02T02:31:52.614+02:00  INFO 3936 --- [banking-system] [http-nio-8084-exec-6] com.banking.controllers.AuthController   : Tentative de connexion pour ayachui.chinji@test.com
2026-05-02T02:31:53.765+02:00 DEBUG 3936 --- [banking-system] [http-nio-8084-exec-6] org.hibernate.SQL                        : 
    select
        c1_0.id,
        c1_1.created_at,
        c1_1.email,
        c1_1.mot_de_passe,
        c1_1.nom,
        c1_1.prenom,
        c1_1.role,
        c1_1.updated_at 
    from
        clients c1_0 
    join
        personnes c1_1 
            on c1_0.id=c1_1.id 
    where
        c1_1.email=?
2026-05-02T02:31:53.811+02:00 TRACE 3936 --- [banking-system] [http-nio-8084-exec-6] org.hibernate.orm.jdbc.bind              : binding parameter (1:VARCHAR) <- [ayachui.chinji@test.com]
2026-05-02T02:31:54.057+02:00  WARN 3936 --- [banking-system] [http-nio-8084-exec-6] com.banking.controllers.AuthController   : Échec de connexion: ayachui.chinji@test.com
2026-05-02T02:31:54.095+02:00 DEBUG 3936 --- [banking-system] [http-nio-8084-exec-6] .m.m.a.ExceptionHandlerExceptionResolver : Using @ExceptionHandler com.banking.exceptions.GlobalExceptionHandler#handleUnauthorized(RuntimeException, HttpServletRequest)
2026-05-02T02:31:54.099+02:00  WARN 3936 --- [banking-system] [http-nio-8084-exec-6] c.b.exceptions.GlobalExceptionHandler    : Unauthorized access on /api/auth/login: Email ou mot de passe incorrect
2026-05-02T02:31:54.126+02:00 DEBUG 3936 --- [banking-system] [http-nio-8084-exec-6] o.s.w.s.m.m.a.HttpEntityMethodProcessor  : Using 'application/json', given [*/*] and supported [application/json, application/*+json]
2026-05-02T02:31:54.133+02:00 DEBUG 3936 --- [banking-system] [http-nio-8084-exec-6] o.s.w.s.m.m.a.HttpEntityMethodProcessor  : Writing [com.banking.exceptions.ApiError@3ee526b5]
2026-05-02T02:31:54.180+02:00  WARN 3936 --- [banking-system] [http-nio-8084-exec-6] .m.m.a.ExceptionHandlerExceptionResolver : Resolved [com.banking.exceptions.UnauthorizedAccessException: Email ou mot de passe incorrect]
2026-05-02T02:31:54.192+02:00 DEBUG 3936 --- [banking-system] [http-nio-8084-exec-6] o.s.web.servlet.DispatcherServlet        : Completed 403 FORBIDDEN
2026-05-02T02:31:57.553+02:00 DEBUG 3936 --- [banking-system] [http-nio-8084-exec-10] o.s.security.web.FilterChainProxy        : Securing GET /api/comptes
2026-05-02T02:31:57.558+02:00 DEBUG 3936 --- [banking-system] [http-nio-8084-exec-10] o.s.s.w.a.AnonymousAuthenticationFilter  : Set SecurityContextHolder to anonymous SecurityContext
2026-05-02T02:32:02.920+02:00 DEBUG 3936 --- [banking-system] [http-nio-8084-exec-9] o.s.security.web.FilterChainProxy        : Securing POST /api/auth/login
2026-05-02T02:32:02.921+02:00 DEBUG 3936 --- [banking-system] [http-nio-8084-exec-9] o.s.s.w.a.AnonymousAuthenticationFilter  : Set SecurityContextHolder to anonymous SecurityContext
2026-05-02T02:32:02.922+02:00 DEBUG 3936 --- [banking-system] [http-nio-8084-exec-9] o.s.security.web.FilterChainProxy        : Secured POST /api/auth/login
2026-05-02T02:32:02.922+02:00 DEBUG 3936 --- [banking-system] [http-nio-8084-exec-9] o.s.web.servlet.DispatcherServlet        : POST "/api/auth/login", parameters={}
2026-05-02T02:32:02.924+02:00 DEBUG 3936 --- [banking-system] [http-nio-8084-exec-9] s.w.s.m.m.a.RequestMappingHandlerMapping : Mapped to com.banking.controllers.AuthController#login(LoginRequest)
2026-05-02T02:32:02.928+02:00 DEBUG 3936 --- [banking-system] [http-nio-8084-exec-9] m.m.a.RequestResponseBodyMethodProcessor : Read "application/json;charset=UTF-8" to [com.banking.dto.request.LoginRequest@44c93ed6]
2026-05-02T02:32:02.929+02:00  INFO 3936 --- [banking-system] [http-nio-8084-exec-9] com.banking.controllers.AuthController   : Tentative de connexion pour test9464@test.local
2026-05-02T02:32:02.938+02:00 DEBUG 3936 --- [banking-system] [http-nio-8084-exec-9] org.hibernate.SQL                        : 
    select
        c1_0.id,
        c1_1.created_at,
        c1_1.email,
        c1_1.mot_de_passe,
        c1_1.nom,
        c1_1.prenom,
        c1_1.role,
        c1_1.updated_at 
    from
        clients c1_0 
    join
        personnes c1_1 
            on c1_0.id=c1_1.id 
    where
        c1_1.email=?
2026-05-02T02:32:02.938+02:00 TRACE 3936 --- [banking-system] [http-nio-8084-exec-9] org.hibernate.orm.jdbc.bind              : binding parameter (1:VARCHAR) <- [test9464@test.local]
2026-05-02T02:32:03.967+02:00 DEBUG 3936 --- [banking-system] [http-nio-8084-exec-9] o.s.w.s.m.m.a.HttpEntityMethodProcessor  : Using 'application/json', given [*/*] and supported [application/json, application/*+json]
2026-05-02T02:32:03.976+02:00 DEBUG 3936 --- [banking-system] [http-nio-8084-exec-9] o.s.w.s.m.m.a.HttpEntityMethodProcessor  : Writing [ApiResponse(success=true, message=Connexion réussie, data=LoginResponse{token='eyJhbGciOiJIUzUxMiJ9. (truncated)...]
2026-05-02T02:32:04.015+02:00 DEBUG 3936 --- [banking-system] [http-nio-8084-exec-9] o.s.web.servlet.DispatcherServlet        : Completed 200 OK
2026-05-02T02:32:04.319+02:00 DEBUG 3936 --- [banking-system] [http-nio-8084-exec-2] o.s.security.web.FilterChainProxy        : Securing GET /api/comptes
2026-05-02T02:32:04.321+02:00 DEBUG 3936 --- [banking-system] [http-nio-8084-exec-2] o.s.s.w.a.AnonymousAuthenticationFilter  : Set SecurityContextHolder to anonymous SecurityContext
2026-05-02T03:21:24.315+02:00 DEBUG 3936 --- [banking-system] [http-nio-8084-exec-5] o.s.security.web.FilterChainProxy        : Securing POST /api/auth/login
2026-05-02T03:21:24.363+02:00 DEBUG 3936 --- [banking-system] [http-nio-8084-exec-5] o.s.s.w.a.AnonymousAuthenticationFilter  : Set SecurityContextHolder to anonymous SecurityContext
2026-05-02T03:21:24.381+02:00 DEBUG 3936 --- [banking-system] [http-nio-8084-exec-5] o.s.security.web.FilterChainProxy        : Secured POST /api/auth/login
2026-05-02T03:21:24.391+02:00 DEBUG 3936 --- [banking-system] [http-nio-8084-exec-5] o.s.web.servlet.DispatcherServlet        : POST "/api/auth/login", parameters={}
2026-05-02T03:21:24.395+02:00 DEBUG 3936 --- [banking-system] [http-nio-8084-exec-5] s.w.s.m.m.a.RequestMappingHandlerMapping : Mapped to com.banking.controllers.AuthController#login(LoginRequest)
2026-05-02T03:21:24.517+02:00 DEBUG 3936 --- [banking-system] [http-nio-8084-exec-5] m.m.a.RequestResponseBodyMethodProcessor : Read "application/json;charset=UTF-8" to [com.banking.dto.request.LoginRequest@5ccebcfa]
2026-05-02T03:21:24.577+02:00  INFO 3936 --- [banking-system] [http-nio-8084-exec-5] com.banking.controllers.AuthController   : Tentative de connexion pour imane.swiry@bank.local
2026-05-02T03:21:24.910+02:00 DEBUG 3936 --- [banking-system] [http-nio-8084-exec-5] org.hibernate.SQL                        : 
    select
        c1_0.id,
        c1_1.created_at,
        c1_1.email,
        c1_1.mot_de_passe,
        c1_1.nom,
        c1_1.prenom,
        c1_1.role,
        c1_1.updated_at 
    from
        clients c1_0 
    join
        personnes c1_1 
            on c1_0.id=c1_1.id 
    where
        c1_1.email=?
2026-05-02T03:21:24.941+02:00 TRACE 3936 --- [banking-system] [http-nio-8084-exec-5] org.hibernate.orm.jdbc.bind              : binding parameter (1:VARCHAR) <- [imane.swiry@bank.local]
2026-05-02T03:21:25.524+02:00 DEBUG 3936 --- [banking-system] [http-nio-8084-exec-5] o.s.w.s.m.m.a.HttpEntityMethodProcessor  : Using 'application/json', given [*/*] and supported [application/json, application/*+json]
2026-05-02T03:21:25.532+02:00 DEBUG 3936 --- [banking-system] [http-nio-8084-exec-5] o.s.w.s.m.m.a.HttpEntityMethodProcessor  : Writing [ApiResponse(success=true, message=Connexion réussie, data=LoginResponse{token='eyJhbGciOiJIUzUxMiJ9. (truncated)...]
2026-05-02T03:21:25.583+02:00 DEBUG 3936 --- [banking-system] [http-nio-8084-exec-5] o.s.web.servlet.DispatcherServlet        : Completed 200 OK
2026-05-02T03:21:25.652+02:00 DEBUG 3936 --- [banking-system] [http-nio-8084-exec-8] o.s.security.web.FilterChainProxy        : Securing GET /api/comptes
2026-05-02T03:21:25.654+02:00 DEBUG 3936 --- [banking-system] [http-nio-8084-exec-8] o.s.s.w.a.AnonymousAuthenticationFilter  : Set SecurityContextHolder to anonymous SecurityContext
2026-05-02T03:21:25.759+02:00 DEBUG 3936 --- [banking-system] [http-nio-8084-exec-4] o.s.security.web.FilterChainProxy        : Securing POST /api/auth/login
2026-05-02T03:21:25.760+02:00 DEBUG 3936 --- [banking-system] [http-nio-8084-exec-4] o.s.s.w.a.AnonymousAuthenticationFilter  : Set SecurityContextHolder to anonymous SecurityContext
2026-05-02T03:21:25.762+02:00 DEBUG 3936 --- [banking-system] [http-nio-8084-exec-4] o.s.security.web.FilterChainProxy        : Secured POST /api/auth/login
2026-05-02T03:21:25.762+02:00 DEBUG 3936 --- [banking-system] [http-nio-8084-exec-4] o.s.web.servlet.DispatcherServlet        : POST "/api/auth/login", parameters={}
2026-05-02T03:21:25.763+02:00 DEBUG 3936 --- [banking-system] [http-nio-8084-exec-4] s.w.s.m.m.a.RequestMappingHandlerMapping : Mapped to com.banking.controllers.AuthController#login(LoginRequest)
2026-05-02T03:21:25.768+02:00 DEBUG 3936 --- [banking-system] [http-nio-8084-exec-4] m.m.a.RequestResponseBodyMethodProcessor : Read "application/json;charset=UTF-8" to [com.banking.dto.request.LoginRequest@23fa2db1]
2026-05-02T03:21:25.768+02:00  INFO 3936 --- [banking-system] [http-nio-8084-exec-4] com.banking.controllers.AuthController   : Tentative de connexion pour test4195@test.local
2026-05-02T03:21:25.771+02:00 DEBUG 3936 --- [banking-system] [http-nio-8084-exec-4] org.hibernate.SQL                        : 
    select
        c1_0.id,
        c1_1.created_at,
        c1_1.email,
        c1_1.mot_de_passe,
        c1_1.nom,
        c1_1.prenom,
        c1_1.role,
        c1_1.updated_at 
    from
        clients c1_0 
    join
        personnes c1_1 
            on c1_0.id=c1_1.id 
    where
        c1_1.email=?
2026-05-02T03:21:25.772+02:00 TRACE 3936 --- [banking-system] [http-nio-8084-exec-4] org.hibernate.orm.jdbc.bind              : binding parameter (1:VARCHAR) <- [test4195@test.local]
2026-05-02T03:21:25.956+02:00 DEBUG 3936 --- [banking-system] [http-nio-8084-exec-4] o.s.w.s.m.m.a.HttpEntityMethodProcessor  : Using 'application/json', given [*/*] and supported [application/json, application/*+json]
2026-05-02T03:21:25.956+02:00 DEBUG 3936 --- [banking-system] [http-nio-8084-exec-4] o.s.w.s.m.m.a.HttpEntityMethodProcessor  : Writing [ApiResponse(success=true, message=Connexion réussie, data=LoginResponse{token='eyJhbGciOiJIUzUxMiJ9. (truncated)...]
2026-05-02T03:21:25.957+02:00 DEBUG 3936 --- [banking-system] [http-nio-8084-exec-4] o.s.web.servlet.DispatcherServlet        : Completed 200 OK
2026-05-02T03:21:25.971+02:00 DEBUG 3936 --- [banking-system] [http-nio-8084-exec-3] o.s.security.web.FilterChainProxy        : Securing GET /api/comptes
2026-05-02T03:21:25.972+02:00 DEBUG 3936 --- [banking-system] [http-nio-8084-exec-3] o.s.s.w.a.AnonymousAuthenticationFilter  : Set SecurityContextHolder to anonymous SecurityContext
2026-05-02T03:21:26.001+02:00 DEBUG 3936 --- [banking-system] [http-nio-8084-exec-7] o.s.security.web.FilterChainProxy        : Securing POST /api/auth/login
2026-05-02T03:21:26.003+02:00 DEBUG 3936 --- [banking-system] [http-nio-8084-exec-7] o.s.s.w.a.AnonymousAuthenticationFilter  : Set SecurityContextHolder to anonymous SecurityContext
2026-05-02T03:21:26.003+02:00 DEBUG 3936 --- [banking-system] [http-nio-8084-exec-7] o.s.security.web.FilterChainProxy        : Secured POST /api/auth/login
2026-05-02T03:21:26.004+02:00 DEBUG 3936 --- [banking-system] [http-nio-8084-exec-7] o.s.web.servlet.DispatcherServlet        : POST "/api/auth/login", parameters={}
2026-05-02T03:21:26.005+02:00 DEBUG 3936 --- [banking-system] [http-nio-8084-exec-7] s.w.s.m.m.a.RequestMappingHandlerMapping : Mapped to com.banking.controllers.AuthController#login(LoginRequest)
2026-05-02T03:21:26.007+02:00 DEBUG 3936 --- [banking-system] [http-nio-8084-exec-7] m.m.a.RequestResponseBodyMethodProcessor : Read "application/json;charset=UTF-8" to [com.banking.dto.request.LoginRequest@79257b46]
2026-05-02T03:21:26.007+02:00  INFO 3936 --- [banking-system] [http-nio-8084-exec-7] com.banking.controllers.AuthController   : Tentative de connexion pour test9464@test.local
2026-05-02T03:21:26.012+02:00 DEBUG 3936 --- [banking-system] [http-nio-8084-exec-7] org.hibernate.SQL                        : 
    select
        c1_0.id,
        c1_1.created_at,
        c1_1.email,
        c1_1.mot_de_passe,
        c1_1.nom,
        c1_1.prenom,
        c1_1.role,
        c1_1.updated_at 
    from
        clients c1_0 
    join
        personnes c1_1 
            on c1_0.id=c1_1.id 
    where
        c1_1.email=?
2026-05-02T03:21:26.014+02:00 TRACE 3936 --- [banking-system] [http-nio-8084-exec-7] org.hibernate.orm.jdbc.bind              : binding parameter (1:VARCHAR) <- [test9464@test.local]
2026-05-02T03:21:26.204+02:00 DEBUG 3936 --- [banking-system] [http-nio-8084-exec-7] o.s.w.s.m.m.a.HttpEntityMethodProcessor  : Using 'application/json', given [*/*] and supported [application/json, application/*+json]
2026-05-02T03:21:26.205+02:00 DEBUG 3936 --- [banking-system] [http-nio-8084-exec-7] o.s.w.s.m.m.a.HttpEntityMethodProcessor  : Writing [ApiResponse(success=true, message=Connexion réussie, data=LoginResponse{token='eyJhbGciOiJIUzUxMiJ9. (truncated)...]
2026-05-02T03:21:26.207+02:00 DEBUG 3936 --- [banking-system] [http-nio-8084-exec-7] o.s.web.servlet.DispatcherServlet        : Completed 200 OK
2026-05-02T03:21:26.224+02:00 DEBUG 3936 --- [banking-system] [http-nio-8084-exec-6] o.s.security.web.FilterChainProxy        : Securing GET /api/comptes
2026-05-02T03:21:26.225+02:00 DEBUG 3936 --- [banking-system] [http-nio-8084-exec-6] o.s.s.w.a.AnonymousAuthenticationFilter  : Set SecurityContextHolder to anonymous SecurityContext
2026-05-02T13:03:22.096+02:00  WARN 3936 --- [banking-system] [HikariPool-1 housekeeper] com.zaxxer.hikari.pool.HikariPool        : HikariPool-1 - Thread starvation or clock leap detected (housekeeper delta=9h17m41s617ms21µs200ns).
